area_sqft,bedrooms,bathrooms,stories,parking_spaces,house_age,distance_city_km,property_type,location_quality,furnishing_status,mainroad,basement,has_garden,price
989,1,3.0,3,2.0,24,27.6,House,High,Unfurnished,Yes,No,No,10703248
5132,4,4.0,3,1.0,1,8.8,Apartment,Medium,Unfurnished,Yes,No,No,43348706
4410,4,1.0,3,1.0,37,16.0,Apartment,Medium,Semi-Furnished,Yes,Yes,No,37088859
3105,2,4.0,2,0.0,25,6.7,Townhouse,Low,Unfurnished,No,Yes,Yes,29425328
3069,1,5.0,1,0.0,42,22.6,House,Low,Semi-Furnished,No,Yes,No,22336916
5644,1,1.0,2,2.0,33,29.4,House,High,Semi-Furnished,Yes,Yes,No,45114506
969,1,2.0,3,3.0,43,14.8,House,,Unfurnished,Yes,No,Yes,9427496
4669,4,4.0,3,0.0,25,7.4,Apartment,Medium,Unfurnished,Yes,No,No,39518934
1668,1,4.0,2,1.0,0,9.8,Apartment,High,Unfurnished,Yes,No,Yes,20169777
1019,7,4.0,3,,7,32.9,House,Low,Furnished,Yes,No,No,14441769
3635,2,3.0,1,3.0,25,11.4,House,Medium,,Yes,No,Yes,32211669
6352,5,4.0,2,0.0,21,31.2,Villa,High,,No,No,No,56538593
4901,5,4.0,2,2.0,43,13.9,House,High,Unfurnished,No,No,No,42524262
5054,4,1.0,3,0.0,22,8.4,House,Medium,Semi-Furnished,Yes,Yes,No,42192127
4790,7,4.0,1,0.0,47,29.4,Villa,Premium,Unfurnished,No,No,Yes,43379887
5205,1,3.0,1,0.0,10,19.3,Apartment,High,Unfurnished,Yes,No,Yes,44133507
3555,2,1.0,2,2.0,21,2.2,House,High,Semi-Furnished,Yes,Yes,Yes,32853341
1225,2,3.0,1,0.0,41,38.4,House,Medium,Semi-Furnished,Yes,Yes,No,8771236
5530,1,3.0,2,1.0,6,6.8,Apartment,High,Unfurnished,Yes,No,Yes,47294385
3174,3,1.0,2,0.0,17,14.8,Apartment,High,Unfurnished,Yes,No,No,27012488
3477,3,5.0,3,1.0,41,16.0,Apartment,Medium,Furnished,Yes,Yes,No,30299087
2693,6,2.0,3,2.0,32,20.1,Apartment,Premium,Unfurnished,Yes,No,No,24918026
1554,3,2.0,1,1.0,42,31.6,House,High,Unfurnished,Yes,No,No,13690272
6056,7,3.0,1,1.0,28,1.2,Apartment,Medium,Semi-Furnished,Yes,Yes,Yes,51801641
5178,6,5.0,1,2.0,47,37.4,House,High,Unfurnished,Yes,No,No,44173742
4345,7,4.0,1,,48,26.2,Apartment,Medium,Semi-Furnished,Yes,No,No,35200591
2884,1,4.0,3,0.0,53,38.1,Apartment,High,Semi-Furnished,Yes,No,Yes,23763387
5427,7,2.0,1,3.0,6,32.9,Apartment,High,Semi-Furnished,Yes,No,Yes,47135475
3749,5,5.0,1,3.0,32,37.2,Apartment,Low,Semi-Furnished,Yes,No,No,30937951
3132,7,5.0,3,2.0,6,24.4,Townhouse,Low,Semi-Furnished,Yes,No,Yes,31496505
3175,3,3.0,3,2.0,12,14.9,Apartment,Medium,Semi-Furnished,Yes,No,No,28192152
1824,7,3.0,1,2.0,16,18.3,Apartment,Premium,Unfurnished,Yes,No,Yes,22725811
1007,5,1.0,1,1.0,35,26.7,Apartment,Medium,Unfurnished,Yes,Yes,No,10034075
3805,1,4.0,2,1.0,23,17.7,House,High,Semi-Furnished,Yes,Yes,No,33877683
5821,3,5.0,2,1.0,47,29.5,House,Medium,Unfurnished,No,No,Yes,46528534
836,1,3.0,3,0.0,16,4.6,Villa,Medium,Unfurnished,Yes,Yes,No,12819880
5642,7,3.0,2,3.0,33,33.4,House,,Unfurnished,No,No,Yes,47765653
5457,3,3.0,1,1.0,41,9.0,House,Medium,,Yes,No,No,44114143
2124,2,1.0,2,1.0,53,,House,Medium,Unfurnished,Yes,No,No,11663431
4271,4,4.0,2,3.0,13,7.1,Villa,Low,Semi-Furnished,Yes,Yes,Yes,41428932
1449,3,4.0,2,2.0,40,6.0,House,Low,Semi-Furnished,Yes,No,No,15312000
5036,1,5.0,2,2.0,4,32.7,Apartment,Low,Semi-Furnished,Yes,No,Yes,40420414
4688,6,5.0,3,0.0,29,32.9,House,Medium,Unfurnished,Yes,No,Yes,40404152
2594,6,3.0,3,1.0,22,29.8,Villa,Medium,Furnished,Yes,No,No,26104648
860,6,5.0,1,2.0,52,38.5,House,Medium,Unfurnished,Yes,No,No,7452159
6322,5,3.0,2,1.0,42,,Townhouse,Low,Furnished,Yes,No,No,52396434
3146,3,4.0,3,0.0,50,33.2,Townhouse,Medium,Semi-Furnished,No,Yes,No,25698528
5853,4,4.0,2,3.0,46,14.7,Apartment,Medium,Unfurnished,Yes,No,No,46992792
4551,4,5.0,2,1.0,22,22.0,Villa,Premium,Furnished,No,No,No,45597910
5159,2,4.0,1,2.0,40,18.4,House,Medium,Semi-Furnished,Yes,Yes,Yes,43083188
5047,1,1.0,1,1.0,1,1.2,House,Low,Semi-Furnished,No,Yes,No,40361001
1627,2,1.0,3,2.0,30,23.4,House,Medium,Semi-Furnished,Yes,Yes,Yes,14821891
2651,4,3.0,3,3.0,2,30.2,Villa,Premium,Semi-Furnished,No,No,No,28220638
3273,2,3.0,3,3.0,39,7.8,House,High,Semi-Furnished,Yes,No,No,30627428
3461,1,4.0,1,0.0,53,37.3,House,High,Furnished,Yes,Yes,No,28600680
715,6,3.0,1,2.0,37,21.7,Apartment,Premium,Unfurnished,Yes,No,No,11376032
3756,3,,1,3.0,46,8.0,House,Medium,Semi-Furnished,No,No,No,31463785
1383,5,5.0,2,2.0,12,26.2,Townhouse,Premium,Semi-Furnished,Yes,No,No,20378933
4947,4,2.0,2,0.0,54,8.5,House,Low,Semi-Furnished,Yes,No,Yes,37972757
4582,6,3.0,3,0.0,30,3.5,Apartment,High,Semi-Furnished,Yes,No,Yes,41383890
6031,6,3.0,3,0.0,37,27.7,Townhouse,High,Semi-Furnished,Yes,No,No,48886676
4955,3,3.0,1,0.0,42,5.3,Villa,Premium,Semi-Furnished,Yes,No,Yes,46358003
2668,6,5.0,3,3.0,35,5.1,House,Medium,Unfurnished,Yes,No,Yes,28756927
6303,3,5.0,1,,17,29.9,Apartment,High,Unfurnished,Yes,No,No,52752213
2935,6,3.0,1,2.0,33,3.2,House,Medium,Semi-Furnished,No,Yes,Yes,28902057
2421,3,3.0,2,2.0,35,32.6,Apartment,,Unfurnished,Yes,No,No,18159142
5928,1,3.0,1,3.0,47,32.0,Apartment,Medium,Unfurnished,No,No,Yes,42974565
2691,6,1.0,2,1.0,26,6.5,House,Medium,Unfurnished,Yes,No,No,24170425
911,1,3.0,2,1.0,27,21.2,Townhouse,High,Semi-Furnished,Yes,No,Yes,12435208
3290,6,2.0,1,2.0,27,4.8,House,Medium,Furnished,Yes,Yes,Yes,32082884
5263,1,1.0,2,1.0,6,,Villa,Medium,Semi-Furnished,Yes,No,Yes,43138178
1596,2,1.0,2,,4,3.5,Townhouse,Medium,,Yes,No,Yes,16813250
3250,5,3.0,3,2.0,1,37.8,Apartment,High,Furnished,No,No,No,27705005
1236,7,1.0,1,3.0,36,,Apartment,High,Unfurnished,Yes,No,Yes,14780865
4603,3,4.0,1,,23,27.6,House,High,Furnished,Yes,No,No,38701093
3328,1,3.0,2,0.0,47,6.0,Villa,,Semi-Furnished,No,Yes,No,27637991
2447,2,2.0,1,1.0,38,9.2,House,High,Unfurnished,No,No,No,21733338
1822,7,4.0,3,3.0,7,18.6,House,High,Semi-Furnished,Yes,Yes,Yes,24279640
3865,6,3.0,1,2.0,5,23.4,House,,Unfurnished,Yes,No,Yes,34000159
4502,1,4.0,2,2.0,20,40.0,House,Medium,Semi-Furnished,Yes,No,No,37577737
6138,3,4.0,3,2.0,50,2.0,House,Medium,Unfurnished,Yes,Yes,Yes,52350300
3094,2,1.0,1,1.0,2,1.0,Apartment,Medium,Furnished,Yes,No,Yes,27734939
1422,2,2.0,1,2.0,10,14.7,Apartment,Low,Semi-Furnished,No,Yes,No,13207983
5487,6,3.0,3,,1,15.3,Apartment,Medium,Furnished,No,No,No,46628230
4260,5,5.0,2,0.0,22,35.5,Townhouse,Low,Furnished,No,No,Yes,37219583
4686,2,1.0,1,3.0,54,36.6,Townhouse,Low,Unfurnished,Yes,No,Yes,34001479
1038,5,1.0,1,2.0,37,35.3,Villa,Medium,,Yes,No,No,10553231
2339,3,5.0,3,0.0,27,6.6,Apartment,High,Furnished,Yes,Yes,No,23517268
5095,1,5.0,3,1.0,7,17.1,House,Medium,Semi-Furnished,No,No,No,43308716
5485,4,1.0,2,0.0,19,,Apartment,Medium,Unfurnished,Yes,No,No,41487861
3083,2,3.0,2,2.0,28,13.2,House,High,Unfurnished,Yes,Yes,No,27399008
5318,2,4.0,3,3.0,15,26.9,Apartment,Medium,Unfurnished,Yes,Yes,No,43361949
5542,7,1.0,1,1.0,38,10.2,Villa,Low,Furnished,Yes,Yes,No,48156377
2794,5,2.0,1,1.0,53,13.6,Apartment,Medium,Semi-Furnished,Yes,Yes,Yes,23362485
5883,1,2.0,3,0.0,11,34.6,House,Medium,Semi-Furnished,Yes,No,No,44560910
2194,6,4.0,1,1.0,13,10.8,Townhouse,Medium,Furnished,Yes,No,No,23136505
1899,5,2.0,3,1.0,6,38.6,House,Medium,,Yes,Yes,No,16922178
4579,7,3.0,2,0.0,39,12.9,Apartment,Medium,Semi-Furnished,Yes,No,Yes,38721062
4302,6,2.0,3,1.0,25,1.9,Townhouse,Medium,Unfurnished,Yes,No,No,38001679
1295,3,4.0,1,3.0,15,10.9,House,Premium,Unfurnished,Yes,Yes,No,18256048
5488,4,,3,3.0,12,7.7,House,Medium,Unfurnished,Yes,No,No,45747703
1659,4,2.0,1,1.0,3,20.8,House,Medium,Unfurnished,Yes,Yes,Yes,17256900
5319,6,2.0,1,3.0,26,5.4,Townhouse,Medium,Semi-Furnished,Yes,No,No,46526079
494,2,5.0,3,0.0,37,25.4,House,High,Semi-Furnished,Yes,Yes,No,8578176
5270,3,5.0,2,3.0,12,35.1,House,High,,Yes,No,Yes,47034262
5210,2,3.0,3,1.0,0,15.1,House,High,Unfurnished,Yes,No,Yes,47261372
5171,3,1.0,1,2.0,26,7.6,Apartment,Medium,Semi-Furnished,Yes,Yes,No,43212614
4472,2,4.0,1,0.0,37,16.6,Villa,Medium,Unfurnished,No,No,No,38427965
3302,1,3.0,2,3.0,18,31.7,Apartment,High,Furnished,Yes,No,Yes,30514355
4716,7,5.0,3,1.0,13,24.1,House,Medium,,Yes,Yes,Yes,42958271
2126,1,2.0,2,3.0,8,4.9,House,Premium,Semi-Furnished,Yes,Yes,Yes,26308784
5173,7,5.0,3,0.0,41,22.0,Apartment,Medium,Semi-Furnished,Yes,Yes,Yes,45259288
3811,1,5.0,3,2.0,47,19.3,House,Medium,Semi-Furnished,Yes,No,Yes,33585225
3226,6,2.0,3,0.0,42,13.8,House,Medium,Semi-Furnished,Yes,No,Yes,27598953
3508,3,4.0,2,3.0,28,,Apartment,Medium,Furnished,No,No,No,31682942
3890,4,2.0,3,1.0,39,39.3,Apartment,High,Furnished,Yes,No,Yes,31920183
675,2,2.0,2,2.0,21,7.9,Villa,Low,Semi-Furnished,Yes,No,Yes,12609854
1295,4,2.0,3,3.0,1,8.5,Townhouse,Medium,Semi-Furnished,Yes,No,No,15003938
1935,4,4.0,2,2.0,20,6.7,House,Medium,Furnished,Yes,No,No,20247139
1142,4,2.0,2,0.0,38,23.2,Apartment,,Unfurnished,Yes,No,No,8439630
3109,3,4.0,2,0.0,35,18.3,Apartment,Medium,Semi-Furnished,Yes,No,Yes,26360055
4493,4,3.0,2,0.0,54,10.7,Apartment,Premium,Semi-Furnished,No,No,Yes,41179756
4409,6,4.0,3,3.0,54,17.7,House,High,,No,No,No,38308993
3300,4,5.0,3,3.0,13,27.3,Townhouse,Medium,Semi-Furnished,Yes,Yes,No,31381430
5623,3,1.0,2,1.0,0,12.0,House,High,Unfurnished,No,Yes,No,48490015
3869,1,5.0,1,3.0,15,36.7,Apartment,Premium,Unfurnished,No,No,No,33473239
929,3,1.0,2,0.0,48,12.9,Townhouse,Medium,Semi-Furnished,Yes,Yes,No,9068323
5078,1,3.0,1,2.0,44,,House,Medium,Furnished,Yes,Yes,Yes,42991291
3926,2,2.0,1,1.0,5,38.2,Apartment,Medium,Furnished,Yes,No,No,29917599
4290,7,4.0,1,0.0,8,32.6,House,High,Unfurnished,Yes,No,No,37656358
3870,1,4.0,2,,30,14.4,Apartment,Low,Unfurnished,Yes,No,No,30911740
3799,4,5.0,3,1.0,36,33.8,Townhouse,High,Furnished,No,No,No,34335119
997,6,3.0,2,1.0,54,21.2,House,Medium,Semi-Furnished,Yes,No,Yes,11583851
3833,7,5.0,2,,41,14.5,House,Medium,Semi-Furnished,Yes,No,Yes,34923192
5259,2,2.0,1,1.0,11,33.7,House,,Semi-Furnished,Yes,Yes,Yes,42235107
2288,2,2.0,3,0.0,2,30.3,Townhouse,High,Unfurnished,Yes,No,No,21811466
4097,3,2.0,1,3.0,34,12.6,House,Medium,Furnished,Yes,No,No,33876907
636,4,3.0,3,1.0,30,24.7,House,Medium,Semi-Furnished,Yes,Yes,Yes,8504899
2552,7,4.0,3,0.0,50,15.4,Apartment,Medium,Semi-Furnished,Yes,Yes,No,22839882
3092,2,5.0,3,2.0,31,1.0,Townhouse,Low,Furnished,Yes,Yes,No,28854684
6395,2,2.0,1,,27,38.5,House,Medium,Semi-Furnished,Yes,Yes,No,49906711
1748,2,2.0,1,1.0,16,22.4,Apartment,Premium,Furnished,No,Yes,Yes,20388974
2123,7,5.0,1,3.0,4,24.3,Townhouse,Medium,Semi-Furnished,No,No,No,21889261
2921,1,3.0,3,2.0,48,24.4,Apartment,High,Semi-Furnished,Yes,Yes,No,24737234
6455,3,2.0,1,2.0,45,22.5,Apartment,Low,Furnished,Yes,No,Yes,49074282
5613,1,5.0,3,1.0,8,12.3,House,High,Furnished,No,No,No,48769382
659,2,3.0,1,0.0,38,38.9,Apartment,Medium,Furnished,Yes,No,No,5876905
1865,7,5.0,1,1.0,20,25.2,House,Medium,Furnished,Yes,No,Yes,19597990
5421,1,5.0,1,3.0,24,27.2,Apartment,Medium,Semi-Furnished,Yes,No,Yes,42816213
802,3,,3,3.0,46,18.7,Apartment,Low,Unfurnished,Yes,No,No,7859944
5626,7,3.0,2,3.0,46,12.2,Apartment,Medium,Semi-Furnished,Yes,No,No,46388269
2152,5,4.0,2,3.0,10,3.5,Apartment,Medium,Furnished,No,No,No,23393209
6001,1,5.0,2,1.0,16,14.7,Townhouse,Medium,Semi-Furnished,Yes,No,No,52040205
2226,4,2.0,2,1.0,45,7.9,House,Premium,Semi-Furnished,No,Yes,Yes,23297683
3077,7,1.0,2,3.0,50,26.8,House,Medium,Furnished,Yes,No,Yes,25798607
4454,3,2.0,2,2.0,4,35.3,House,Premium,Furnished,Yes,No,No,41826825
1213,4,4.0,1,1.0,45,12.8,House,Medium,Furnished,Yes,No,Yes,14378011
3820,4,3.0,1,1.0,26,14.0,Apartment,Low,Semi-Furnished,Yes,Yes,No,32220073
3505,5,1.0,2,3.0,32,27.1,Apartment,Medium,Semi-Furnished,Yes,No,No,27108618
5192,2,3.0,1,0.0,4,6.8,House,Medium,Furnished,Yes,No,Yes,46348499
6476,6,1.0,2,0.0,37,37.2,House,Medium,Unfurnished,Yes,No,No,49622465
4469,7,3.0,1,2.0,37,15.2,Villa,High,Unfurnished,Yes,Yes,No,41856984
2925,1,3.0,3,0.0,36,4.9,Townhouse,High,Furnished,Yes,Yes,Yes,28506065
2908,6,4.0,1,0.0,43,7.8,Villa,Medium,Semi-Furnished,Yes,Yes,No,28909826
2978,6,3.0,1,,52,37.4,Apartment,Medium,Semi-Furnished,Yes,Yes,No,24709438
5374,6,3.0,2,1.0,46,10.6,Apartment,Medium,Unfurnished,No,No,No,41548829
2393,3,4.0,1,2.0,40,26.8,Apartment,Medium,Semi-Furnished,No,No,No,17920981
1460,4,4.0,2,1.0,53,7.1,Villa,Low,Furnished,Yes,No,No,15810478
2472,6,5.0,1,0.0,37,8.6,Townhouse,Low,Semi-Furnished,Yes,No,No,22836461
587,2,2.0,1,0.0,36,35.3,Townhouse,Medium,Semi-Furnished,No,Yes,No,4171537
1092,6,3.0,3,3.0,29,6.8,Apartment,Low,Semi-Furnished,Yes,Yes,No,14027914
994,7,2.0,3,0.0,42,1.7,Villa,High,Furnished,Yes,No,Yes,17454173
5117,5,3.0,1,2.0,3,20.5,House,Low,Furnished,Yes,No,Yes,44500457
4820,3,1.0,3,1.0,27,34.6,Villa,Low,Semi-Furnished,No,No,Yes,39190294
4665,4,3.0,3,1.0,23,13.7,House,High,Semi-Furnished,Yes,No,Yes,42588092
3244,1,1.0,2,3.0,50,6.0,Apartment,Premium,Unfurnished,No,No,Yes,26940865
4788,7,3.0,2,,3,39.3,Apartment,Medium,,Yes,No,No,40563726
1425,3,5.0,3,2.0,35,27.4,Townhouse,Medium,Unfurnished,No,No,No,12693228
5898,1,5.0,2,1.0,10,34.2,House,High,Semi-Furnished,Yes,No,No,48776641
3481,6,3.0,2,1.0,48,30.3,House,Low,Semi-Furnished,Yes,No,No,27607492
6125,5,,2,2.0,46,28.2,House,Medium,Unfurnished,No,Yes,Yes,47641135
1371,5,2.0,3,0.0,12,16.0,House,Low,Unfurnished,Yes,No,No,13923837
3458,1,1.0,3,0.0,47,13.6,Townhouse,Medium,Unfurnished,Yes,No,Yes,27332445
4662,6,4.0,1,2.0,27,29.0,Apartment,Premium,Unfurnished,Yes,No,No,40751801
3448,5,5.0,2,2.0,53,29.0,Apartment,High,Semi-Furnished,Yes,Yes,No,31219682
3149,6,3.0,3,0.0,40,38.1,Villa,Premium,Unfurnished,Yes,No,No,31020159
1455,6,1.0,1,3.0,1,23.2,House,High,Unfurnished,Yes,Yes,No,17213906
2755,2,1.0,3,2.0,11,12.5,Apartment,Medium,Furnished,Yes,No,No,24821768
1894,2,5.0,3,0.0,22,20.1,Apartment,High,Unfurnished,Yes,No,Yes,18516103
2274,7,2.0,3,3.0,11,24.9,Apartment,High,Furnished,Yes,No,No,25452195
4586,4,1.0,1,3.0,7,17.6,Apartment,Medium,Semi-Furnished,Yes,Yes,Yes,38098727
4263,4,1.0,2,1.0,53,31.9,Apartment,Medium,Semi-Furnished,No,Yes,Yes,31844152
4123,3,2.0,2,1.0,47,23.8,Apartment,Medium,Semi-Furnished,Yes,Yes,No,31412016
2638,5,4.0,2,1.0,23,1.4,House,Medium,Unfurnished,No,Yes,Yes,26297827
6256,6,5.0,3,2.0,11,23.2,Villa,Medium,Furnished,No,No,No,55610769
980,1,2.0,2,0.0,9,25.7,Townhouse,Low,Furnished,Yes,No,No,8723961
2522,4,4.0,2,1.0,50,36.7,House,Medium,Unfurnished,Yes,No,No,20390208
1163,7,1.0,3,0.0,18,17.1,Apartment,Medium,Semi-Furnished,No,No,No,10354067
2500,2,1.0,3,0.0,0,23.4,Townhouse,Medium,Semi-Furnished,Yes,No,No,22852208
6269,2,1.0,3,1.0,21,19.5,Villa,Medium,Furnished,Yes,Yes,No,53583584
2665,7,5.0,2,2.0,24,21.7,House,,Furnished,Yes,Yes,Yes,26861698
5946,1,3.0,3,3.0,34,,Apartment,Premium,Unfurnished,Yes,Yes,No,52428947
3445,3,5.0,1,0.0,18,36.0,Apartment,Medium,Furnished,No,No,Yes,28403891
4683,4,1.0,2,0.0,50,36.5,House,Medium,Furnished,No,Yes,No,34122394
3217,6,1.0,2,1.0,35,22.4,House,Low,Semi-Furnished,Yes,Yes,No,25399810
2058,1,5.0,1,2.0,54,22.7,Apartment,High,Unfurnished,No,Yes,No,17696197
5073,4,1.0,2,3.0,20,3.2,Townhouse,Medium,Furnished,Yes,No,No,44554013
6313,2,1.0,2,2.0,35,24.3,House,Medium,Semi-Furnished,Yes,No,No,48828110
2044,6,3.0,2,2.0,20,17.7,House,Medium,Unfurnished,Yes,Yes,Yes,20880535
5161,5,4.0,1,0.0,38,28.7,Apartment,High,Furnished,Yes,Yes,No,42829712
2029,4,2.0,1,0.0,41,2.8,Villa,Premium,Semi-Furnished,Yes,No,No,23449402
4787,3,3.0,1,0.0,17,28.7,House,Medium,Furnished,Yes,No,Yes,38158450
5223,2,4.0,2,2.0,51,12.2,Apartment,Low,Semi-Furnished,No,No,Yes,40968928
3168,7,3.0,1,1.0,47,26.4,House,Low,Unfurnished,Yes,No,Yes,26165009
4908,5,2.0,2,0.0,49,25.5,House,Low,Furnished,No,Yes,No,38211148
2097,3,1.0,3,2.0,11,9.8,Villa,High,Semi-Furnished,Yes,No,Yes,26106434
929,3,3.0,3,3.0,39,18.2,Apartment,Premium,Semi-Furnished,Yes,No,No,11789294
1033,6,5.0,1,1.0,5,33.6,Townhouse,Premium,Semi-Furnished,Yes,Yes,Yes,17203807
3154,6,4.0,3,3.0,5,24.6,House,High,Unfurnished,Yes,No,No,31263117
5910,4,5.0,1,2.0,53,3.7,Apartment,Low,Semi-Furnished,Yes,No,No,47647890
1221,3,1.0,1,2.0,8,18.3,Apartment,Premium,Semi-Furnished,No,No,Yes,13434012
3207,5,1.0,1,3.0,47,13.2,Apartment,Medium,Furnished,Yes,No,Yes,27387628
4709,5,3.0,1,0.0,23,26.0,Apartment,Medium,Furnished,No,Yes,No,38465885
1674,5,1.0,3,3.0,16,25.0,House,High,Semi-Furnished,Yes,Yes,No,16377946
4815,1,3.0,1,3.0,4,1.4,House,Low,Unfurnished,Yes,Yes,Yes,42177962
2301,4,5.0,3,3.0,37,24.7,Apartment,High,Semi-Furnished,Yes,No,No,21379413
5342,5,2.0,2,2.0,39,29.7,Townhouse,Premium,Unfurnished,Yes,Yes,No,45651709
3954,7,3.0,1,3.0,25,,Apartment,High,Furnished,No,No,No,33081109
3758,4,4.0,2,3.0,44,3.3,House,High,Semi-Furnished,Yes,Yes,No,35823870
1519,3,1.0,1,3.0,17,12.8,Townhouse,Medium,Furnished,No,No,No,16729999
3252,4,5.0,2,3.0,30,17.4,Villa,Low,Semi-Furnished,Yes,No,Yes,31980721
5632,2,2.0,2,3.0,15,8.0,House,High,Unfurnished,Yes,No,No,46109754
568,1,5.0,2,1.0,32,17.4,House,Medium,Furnished,No,Yes,Yes,9256836
5039,5,4.0,1,2.0,7,3.8,Apartment,High,Semi-Furnished,No,Yes,Yes,46476225
3431,7,,3,1.0,26,5.4,Apartment,Low,Furnished,Yes,No,No,28919689
4802,6,4.0,2,3.0,30,27.1,House,Medium,Furnished,No,No,Yes,41828961
4462,5,1.0,1,3.0,30,11.2,Apartment,Medium,Semi-Furnished,Yes,Yes,No,37668988
3064,1,3.0,2,,24,28.7,House,High,Semi-Furnished,Yes,No,Yes,26910256
2317,7,5.0,1,2.0,35,2.9,Apartment,High,Semi-Furnished,Yes,No,No,23114340
4245,4,5.0,3,,28,22.9,Townhouse,Premium,Furnished,Yes,Yes,No,39709995
1298,3,5.0,3,0.0,15,16.3,Townhouse,Medium,Furnished,Yes,No,No,15177183
3983,7,3.0,1,2.0,11,32.1,Villa,Medium,Unfurnished,Yes,Yes,Yes,37159347
1022,6,3.0,3,2.0,35,31.6,House,Low,Semi-Furnished,Yes,No,No,9420795
4381,6,2.0,3,2.0,51,15.6,Apartment,Medium,Unfurnished,Yes,Yes,Yes,35516646
4253,2,5.0,2,2.0,41,25.3,Apartment,,Semi-Furnished,No,No,No,33888410
960,7,3.0,1,3.0,35,9.9,House,Medium,Furnished,Yes,Yes,Yes,14632043
5032,4,4.0,3,0.0,50,23.6,House,Medium,Furnished,Yes,No,No,40970834
2965,4,2.0,3,1.0,49,4.2,House,Medium,Semi-Furnished,Yes,Yes,No,26921839
5210,6,4.0,3,2.0,27,17.9,House,,Semi-Furnished,No,Yes,No,44380823
701,5,2.0,3,3.0,6,8.1,House,High,Unfurnished,Yes,No,No,11540997
1535,2,4.0,3,3.0,34,35.5,Apartment,Medium,Unfurnished,Yes,No,Yes,12495400
3438,3,1.0,3,3.0,34,,Apartment,Medium,Semi-Furnished,Yes,No,Yes,27700628
1588,3,1.0,1,3.0,15,24.0,House,High,,No,No,No,14082639
2445,7,2.0,2,3.0,46,15.1,House,High,Semi-Furnished,Yes,No,No,23044488
4446,6,3.0,1,2.0,47,12.3,Townhouse,High,Unfurnished,Yes,No,No,39351465
1324,3,4.0,1,0.0,18,8.9,House,,Semi-Furnished,Yes,No,Yes,15911668
4550,6,2.0,3,2.0,26,36.6,House,Medium,Unfurnished,No,Yes,Yes,37893665
1075,6,1.0,3,2.0,10,32.2,Villa,High,Unfurnished,No,No,Yes,14929456
1509,3,2.0,2,0.0,9,6.2,Apartment,Medium,Furnished,Yes,No,Yes,17615409
4005,3,3.0,3,3.0,14,30.1,House,Medium,,Yes,No,No,32436349
5250,7,3.0,1,2.0,20,17.3,House,Premium,Semi-Furnished,Yes,No,No,47358156
1482,4,4.0,1,3.0,15,1.6,House,Low,Semi-Furnished,Yes,No,Yes,18753066
2264,2,2.0,3,0.0,8,21.6,Apartment,High,Unfurnished,Yes,Yes,No,20883244
6046,6,4.0,2,3.0,24,6.1,Townhouse,High,Unfurnished,No,No,No,52628040
6437,5,4.0,2,1.0,34,9.2,Townhouse,Low,Unfurnished,Yes,No,No,53135932
3965,4,4.0,2,2.0,17,28.1,Apartment,High,Unfurnished,Yes,No,Yes,34425880
3154,6,3.0,1,2.0,29,11.0,Apartment,Medium,Furnished,Yes,No,Yes,28223627
2548,7,5.0,3,2.0,14,35.8,Apartment,High,Semi-Furnished,Yes,Yes,Yes,25836983
4155,3,2.0,3,3.0,38,26.6,Villa,High,Semi-Furnished,No,No,No,36754394
4025,3,4.0,3,0.0,35,33.5,House,High,Semi-Furnished,No,No,No,33402734
2233,2,1.0,2,2.0,52,25.0,Apartment,Low,Furnished,Yes,No,No,16846872
587,5,1.0,2,3.0,2,34.9,Villa,High,Unfurnished,No,No,Yes,10670620
1366,3,5.0,3,0.0,46,15.1,House,Premium,Furnished,No,No,No,16958665
6249,3,3.0,2,1.0,18,22.4,House,,Unfurnished,Yes,No,Yes,52164070
2979,5,4.0,2,1.0,3,21.1,House,Medium,Furnished,Yes,Yes,No,30186982
3367,3,4.0,1,2.0,37,,House,Low,Unfurnished,Yes,No,Yes,26416608
3276,4,4.0,2,3.0,9,7.4,House,High,Unfurnished,Yes,No,Yes,31811689
5185,4,2.0,2,3.0,9,23.5,Apartment,Low,Semi-Furnished,No,Yes,No,41144831
842,2,1.0,2,3.0,53,30.4,House,Medium,Unfurnished,Yes,No,Yes,4956515
950,1,1.0,1,1.0,12,15.4,Townhouse,Premium,Semi-Furnished,Yes,No,No,13005807
2118,6,5.0,1,2.0,30,34.8,House,Premium,Semi-Furnished,No,Yes,Yes,23443293
3394,1,2.0,3,0.0,11,15.5,Townhouse,Premium,Semi-Furnished,Yes,Yes,Yes,35422514
4510,3,3.0,2,1.0,6,7.8,House,Medium,Unfurnished,Yes,Yes,No,38218707
3418,5,3.0,2,,0,23.8,Villa,Low,Semi-Furnished,Yes,Yes,No,31490594
3119,1,1.0,2,0.0,0,17.4,Apartment,Medium,Unfurnished,Yes,No,Yes,25881566
6123,5,3.0,2,3.0,26,,Villa,Low,Furnished,Yes,Yes,Yes,56270092
1424,6,1.0,3,3.0,23,3.7,Apartment,High,Semi-Furnished,Yes,No,No,14456477
3908,5,1.0,1,2.0,2,8.6,Apartment,Medium,Semi-Furnished,Yes,No,Yes,32967931
3730,3,1.0,3,0.0,19,31.0,Apartment,Medium,Furnished,Yes,Yes,No,29587757
3314,1,5.0,1,0.0,15,35.8,Apartment,Low,Semi-Furnished,Yes,Yes,No,27255839
5335,7,3.0,2,0.0,31,22.3,Townhouse,Medium,Semi-Furnished,Yes,Yes,No,46644485
2065,3,5.0,2,2.0,54,5.1,Townhouse,High,Unfurnished,Yes,No,No,20498452
6220,6,3.0,3,0.0,38,21.8,Villa,High,Semi-Furnished,Yes,Yes,No,54391418
2455,2,2.0,1,1.0,50,34.4,Apartment,Low,Semi-Furnished,No,No,Yes,15366821
3747,2,4.0,2,3.0,10,30.2,Townhouse,Low,Unfurnished,Yes,Yes,No,32368086
3600,6,5.0,1,3.0,11,12.4,House,Medium,Furnished,Yes,Yes,No,36865677
5591,7,3.0,1,3.0,41,5.8,Apartment,Low,Unfurnished,Yes,No,Yes,47209019
3105,7,1.0,3,1.0,17,36.1,House,Premium,Semi-Furnished,Yes,Yes,Yes,30998399
2171,6,2.0,3,2.0,46,34.3,House,High,Unfurnished,Yes,No,Yes,18864421
580,2,5.0,2,0.0,25,3.1,Apartment,Low,Semi-Furnished,Yes,No,No,7780877
2650,7,3.0,2,3.0,11,33.1,House,High,Furnished,Yes,Yes,Yes,29406208
5449,5,5.0,2,0.0,46,4.8,House,Medium,Unfurnished,Yes,No,No,45133935
509,2,3.0,1,2.0,30,3.5,Apartment,Medium,Semi-Furnished,Yes,No,No,5052014
5871,1,,2,2.0,44,30.6,House,Medium,Semi-Furnished,Yes,No,Yes,44210592
3734,7,5.0,1,3.0,24,21.9,House,Low,Furnished,No,No,No,33108777
1298,2,4.0,3,1.0,6,17.2,House,Medium,Unfurnished,Yes,No,Yes,13359632
2278,6,4.0,2,,37,36.3,Townhouse,High,Furnished,Yes,No,No,21869134
3801,1,5.0,1,3.0,6,33.7,Villa,Premium,Semi-Furnished,Yes,No,No,38309504
2359,2,1.0,2,2.0,36,3.2,House,Medium,Semi-Furnished,Yes,No,No,22176303
1106,2,5.0,3,1.0,22,,House,High,Semi-Furnished,No,No,No,11917461
4479,2,2.0,1,1.0,43,31.1,House,Medium,Semi-Furnished,Yes,No,No,34157369
4517,5,5.0,3,1.0,47,22.5,House,Medium,Semi-Furnished,Yes,No,No,38627853
1169,7,1.0,2,1.0,22,39.3,Apartment,Medium,Unfurnished,Yes,Yes,No,10144559
2151,7,3.0,2,1.0,48,27.8,House,Medium,,Yes,No,Yes,18384479
1925,6,4.0,3,1.0,6,,House,Low,Semi-Furnished,No,No,No,19945066
4439,2,1.0,2,1.0,5,8.7,House,Premium,Semi-Furnished,Yes,No,No,41027377
4868,7,1.0,1,0.0,54,33.2,Townhouse,High,Unfurnished,Yes,No,No,37925960
4848,4,5.0,3,3.0,31,39.9,House,Medium,,Yes,Yes,No,39938810
6129,4,1.0,1,0.0,24,4.8,House,High,Semi-Furnished,Yes,No,No,52268873
5100,5,4.0,2,0.0,8,4.9,Apartment,Low,Semi-Furnished,Yes,No,Yes,43967824
2390,6,5.0,3,,15,30.8,Apartment,High,Furnished,Yes,Yes,Yes,23823669
1101,7,4.0,2,3.0,37,3.5,House,Medium,Semi-Furnished,Yes,No,No,14399449
4168,5,3.0,3,1.0,45,3.7,House,Low,Semi-Furnished,No,Yes,Yes,36627546
5991,5,3.0,2,1.0,50,35.7,Apartment,High,Unfurnished,No,No,No,46037865
6349,6,4.0,1,1.0,22,32.2,Apartment,Medium,Furnished,Yes,No,No,51470200
1842,2,,1,0.0,25,35.4,Apartment,Medium,Unfurnished,No,Yes,No,14600790
1880,3,3.0,2,1.0,8,26.4,Villa,Medium,Unfurnished,Yes,No,No,18200688
676,5,1.0,1,0.0,4,13.6,Villa,Low,Unfurnished,No,No,No,8996262
1304,1,4.0,2,3.0,24,36.3,House,Low,Unfurnished,No,Yes,No,12064449
3806,3,4.0,2,0.0,31,12.7,Apartment,Medium,Furnished,Yes,No,No,30336485
3758,6,4.0,3,1.0,5,11.7,Apartment,Medium,Unfurnished,Yes,Yes,No,34620975
2694,7,1.0,1,3.0,22,35.6,Apartment,Low,Unfurnished,Yes,No,No,21594429
2325,4,4.0,3,3.0,35,27.6,House,Medium,Unfurnished,Yes,No,Yes,22370615
5470,3,4.0,2,2.0,44,35.9,Apartment,Medium,Furnished,Yes,Yes,Yes,44327605
3233,4,1.0,2,0.0,51,7.1,Apartment,,Furnished,Yes,No,No,27841195
5339,5,5.0,2,1.0,18,38.1,Townhouse,High,Furnished,Yes,No,No,45463979
6277,4,3.0,1,0.0,21,24.9,House,Medium,Furnished,Yes,Yes,No,52613559
2368,1,3.0,3,2.0,48,27.1,Villa,Medium,Furnished,Yes,No,Yes,21056244
1676,4,4.0,1,1.0,38,36.6,Apartment,Medium,Semi-Furnished,Yes,No,No,11898228
6215,3,3.0,1,2.0,15,15.8,Apartment,Medium,Unfurnished,Yes,Yes,No,50672087
4290,5,3.0,3,2.0,37,29.1,Townhouse,Low,Unfurnished,Yes,No,Yes,34631787
2210,7,2.0,2,3.0,8,26.0,House,Low,Unfurnished,Yes,No,No,20556027
4212,7,5.0,3,1.0,24,31.7,House,High,Semi-Furnished,Yes,Yes,No,39249390
3566,5,5.0,2,3.0,16,36.0,Townhouse,Medium,Unfurnished,Yes,No,Yes,33589899
5928,3,1.0,1,1.0,54,27.5,House,Medium,Unfurnished,Yes,Yes,Yes,45312652
1998,4,4.0,1,2.0,1,3.6,Apartment,Medium,Semi-Furnished,Yes,Yes,No,21164119
6447,2,1.0,2,2.0,47,8.1,House,Medium,Unfurnished,Yes,No,No,50532539
6113,7,2.0,1,3.0,15,38.2,Apartment,High,Unfurnished,Yes,No,No,48671221
1543,6,5.0,3,1.0,1,38.8,Apartment,High,Unfurnished,Yes,Yes,No,18390640
1445,6,1.0,1,3.0,36,38.7,Apartment,Low,Semi-Furnished,Yes,Yes,No,10681665
3675,3,2.0,3,1.0,37,2.4,Townhouse,High,Unfurnished,Yes,No,No,33148489
721,3,2.0,1,1.0,7,,House,Medium,Unfurnished,No,No,Yes,7222511
2257,6,4.0,1,1.0,2,30.6,Apartment,Medium,Unfurnished,Yes,No,Yes,19136529
3082,4,3.0,1,2.0,6,30.4,Apartment,High,Semi-Furnished,Yes,Yes,Yes,27491918
6314,5,3.0,1,2.0,22,4.4,House,High,Unfurnished,Yes,Yes,Yes,57215594
6453,4,,2,0.0,7,24.8,Townhouse,Medium,Unfurnished,Yes,Yes,No,53199461
1366,4,3.0,1,3.0,38,6.6,Apartment,Premium,Furnished,Yes,No,No,18157679
5844,5,4.0,2,3.0,4,20.2,Apartment,High,Furnished,Yes,Yes,No,51659683
1000,6,1.0,2,0.0,43,10.3,Villa,Medium,Unfurnished,Yes,No,No,11349473
4979,3,2.0,1,3.0,48,3.1,Townhouse,Low,Unfurnished,Yes,No,No,39609652
5566,6,5.0,1,2.0,39,4.1,Townhouse,Medium,Unfurnished,No,No,Yes,49593501
5839,2,5.0,1,,51,,Apartment,Medium,Semi-Furnished,Yes,No,No,43862955
1801,3,4.0,1,1.0,51,30.0,Apartment,Medium,Unfurnished,Yes,No,No,13182130
5855,7,2.0,1,,2,37.3,House,Medium,Furnished,Yes,No,No,50017529
1151,7,1.0,1,1.0,18,19.3,Apartment,High,Furnished,Yes,No,Yes,13548223
3589,7,5.0,2,3.0,41,17.1,Townhouse,Medium,Semi-Furnished,Yes,Yes,Yes,35241409
3290,3,4.0,1,1.0,18,15.0,Apartment,High,Unfurnished,Yes,No,No,29934172
2361,6,2.0,1,0.0,40,25.0,House,High,Furnished,No,No,No,21789509
583,7,3.0,2,1.0,42,,Townhouse,High,Semi-Furnished,No,No,Yes,10200785
5120,7,4.0,2,2.0,54,30.1,Townhouse,High,Furnished,Yes,No,No,43300917
2480,1,3.0,1,2.0,18,32.3,House,High,Unfurnished,No,No,Yes,20780659
4453,6,5.0,1,3.0,19,35.2,Townhouse,Low,Semi-Furnished,Yes,Yes,Yes,38384336
2931,7,1.0,2,0.0,1,10.5,Apartment,High,Furnished,Yes,No,Yes,28760788
2710,6,2.0,1,3.0,15,21.6,House,Premium,Furnished,Yes,No,No,29104163
5812,2,1.0,2,2.0,15,9.7,Apartment,Medium,Semi-Furnished,No,Yes,Yes,47324197
1021,6,4.0,3,0.0,24,2.5,Townhouse,Medium,Semi-Furnished,No,No,No,14282360
4906,1,4.0,2,3.0,23,28.6,Townhouse,Premium,Semi-Furnished,Yes,Yes,No,44731694
4968,4,5.0,1,1.0,47,22.4,Apartment,Low,,Yes,No,No,37641020
2748,5,3.0,3,2.0,42,29.2,Apartment,Medium,Furnished,No,Yes,No,22056008
2037,4,1.0,1,2.0,40,4.4,House,Low,Semi-Furnished,Yes,No,No,17187406
482,5,3.0,1,0.0,0,39.8,Apartment,Medium,Unfurnished,No,No,Yes,4584591
6117,2,1.0,1,0.0,25,39.8,Villa,Medium,Unfurnished,No,No,Yes,46565829
6183,5,,3,2.0,40,19.1,Apartment,Medium,Semi-Furnished,Yes,No,No,51512418
1907,5,4.0,3,1.0,13,34.8,Villa,Premium,Furnished,Yes,Yes,Yes,24571181
643,5,5.0,2,0.0,23,10.5,House,Medium,Unfurnished,Yes,No,Yes,12474058
1192,3,2.0,2,,39,29.8,House,Medium,,Yes,No,No,9560189
859,3,2.0,2,3.0,43,35.3,Apartment,High,Furnished,Yes,Yes,Yes,10346514
5478,2,1.0,2,0.0,46,32.8,Townhouse,High,Semi-Furnished,No,Yes,Yes,43816300
5846,4,3.0,2,0.0,23,32.7,House,Medium,Unfurnished,Yes,No,Yes,47162363
1377,5,3.0,3,2.0,21,19.1,House,Low,Unfurnished,No,No,No,14824349
4967,3,4.0,3,0.0,21,33.0,House,Medium,Semi-Furnished,Yes,Yes,Yes,40718025
1534,3,4.0,1,2.0,36,27.9,Townhouse,High,Unfurnished,Yes,Yes,Yes,16215159
2671,3,1.0,2,,23,6.2,Villa,Medium,Semi-Furnished,Yes,Yes,No,25737038
4076,2,2.0,3,2.0,22,5.5,Villa,Medium,Semi-Furnished,No,Yes,No,35854628
4805,5,3.0,2,1.0,9,31.1,House,High,Semi-Furnished,Yes,No,No,40950383
5741,6,2.0,1,3.0,26,25.4,Townhouse,High,Semi-Furnished,Yes,No,No,50151893
720,3,1.0,3,2.0,13,,Apartment,Medium,,Yes,No,No,6876380
1638,7,5.0,2,1.0,28,36.4,House,High,Unfurnished,Yes,No,No,18919964
2147,4,4.0,2,0.0,48,26.7,House,High,Unfurnished,Yes,Yes,Yes,22101944
2327,2,3.0,2,1.0,42,16.4,House,,Unfurnished,Yes,No,Yes,23978817
6488,3,2.0,1,0.0,26,17.1,Townhouse,High,Semi-Furnished,Yes,No,No,54757244
5153,1,5.0,2,0.0,53,24.6,Townhouse,High,,Yes,No,No,43412119
2388,1,1.0,2,1.0,53,30.7,House,,Semi-Furnished,Yes,No,No,16718951
6329,3,3.0,3,0.0,24,23.0,House,Medium,Unfurnished,Yes,No,No,50502895
3470,4,5.0,1,0.0,41,20.8,Townhouse,High,Unfurnished,Yes,No,Yes,31429355
3479,6,5.0,1,1.0,18,29.3,Townhouse,Medium,Unfurnished,Yes,Yes,No,31190956
3073,1,2.0,2,2.0,48,28.5,Villa,Medium,Semi-Furnished,Yes,No,Yes,26015997
1320,6,,3,0.0,20,33.4,Apartment,Low,Semi-Furnished,Yes,No,No,12705964
6102,2,1.0,2,1.0,14,3.4,Apartment,High,Furnished,Yes,No,No,50804964
534,1,1.0,2,0.0,7,30.4,Townhouse,High,Unfurnished,Yes,No,Yes,5806538
1504,5,2.0,3,0.0,46,21.0,Villa,Medium,Semi-Furnished,Yes,Yes,No,16190657
1839,6,5.0,2,0.0,16,3.9,House,Medium,Semi-Furnished,Yes,No,No,20240376
2139,5,4.0,1,1.0,44,27.5,House,,Unfurnished,Yes,Yes,No,17815554
1247,1,3.0,3,2.0,4,28.9,House,Premium,Unfurnished,Yes,No,Yes,16345222
558,1,2.0,2,3.0,27,21.4,House,High,Unfurnished,Yes,No,No,6778871
4549,3,1.0,1,2.0,23,32.0,Villa,Medium,Unfurnished,No,No,Yes,38205438
6314,4,2.0,2,2.0,24,12.7,Apartment,Medium,Furnished,Yes,Yes,Yes,52681833
1187,7,1.0,3,3.0,9,8.9,House,High,,Yes,Yes,Yes,19112105
2244,3,1.0,2,1.0,4,14.7,House,Medium,Semi-Furnished,Yes,No,Yes,21595315
3513,2,4.0,2,3.0,19,17.0,Villa,Premium,Semi-Furnished,No,No,Yes,36836124
6061,7,1.0,2,,25,28.1,Apartment,Low,Semi-Furnished,Yes,No,Yes,48366498
4650,2,1.0,3,2.0,43,34.0,House,Low,Semi-Furnished,Yes,No,No,33011533
5085,1,3.0,3,3.0,25,29.1,Apartment,Medium,Unfurnished,Yes,No,Yes,40495769
3965,3,2.0,1,0.0,13,7.8,Apartment,Medium,Semi-Furnished,No,Yes,Yes,34621270
2973,3,3.0,2,3.0,14,15.3,House,Medium,Unfurnished,No,No,No,27075065
1658,5,1.0,2,2.0,33,7.2,Apartment,High,Unfurnished,No,Yes,Yes,15943843
5679,7,2.0,1,0.0,23,,Townhouse,Low,Unfurnished,Yes,Yes,No,44086318
5314,7,3.0,3,0.0,49,10.7,Townhouse,Medium,Semi-Furnished,Yes,No,No,43958763
601,3,4.0,1,2.0,24,21.5,Apartment,High,,Yes,No,No,9713296
4778,7,3.0,2,1.0,31,31.9,Villa,High,Semi-Furnished,Yes,Yes,No,43569178
960,5,3.0,1,1.0,3,27.2,House,Medium,Unfurnished,No,No,No,9598774
4920,1,3.0,1,1.0,10,12.6,House,Medium,Furnished,Yes,No,No,40147354
5447,7,2.0,3,3.0,46,14.0,Townhouse,Medium,Unfurnished,No,Yes,No,44659610
1242,1,2.0,1,1.0,18,26.5,House,Medium,Furnished,No,No,No,9999304
3074,5,3.0,1,0.0,23,22.4,Apartment,High,Semi-Furnished,No,Yes,No,27900456
1198,6,1.0,3,1.0,32,4.8,Apartment,Medium,Semi-Furnished,Yes,No,No,13276090
3882,2,4.0,3,0.0,3,35.1,House,Medium,Semi-Furnished,Yes,No,Yes,32407788
6061,2,4.0,1,2.0,27,,Townhouse,High,Semi-Furnished,Yes,No,Yes,52142449
939,4,2.0,1,3.0,19,19.5,House,Medium,Semi-Furnished,No,No,No,10581581
2855,7,2.0,3,3.0,8,8.7,House,Low,Unfurnished,Yes,No,No,26173787
6337,2,2.0,3,2.0,23,15.7,Apartment,Medium,Furnished,Yes,No,No,50858263
2270,5,4.0,3,3.0,24,14.0,Townhouse,Premium,Unfurnished,Yes,No,No,26500738
1249,4,4.0,2,1.0,10,11.6,Apartment,High,Semi-Furnished,No,No,No,15307312
3405,1,1.0,1,2.0,29,23.1,House,Medium,Semi-Furnished,Yes,No,Yes,25576013
3525,5,3.0,3,,41,19.0,House,High,Furnished,Yes,No,Yes,32551064
4460,6,1.0,1,2.0,14,35.7,Apartment,Medium,Semi-Furnished,Yes,No,No,35539138
2348,5,3.0,1,2.0,53,37.7,Apartment,Medium,Unfurnished,Yes,No,Yes,18788935
6231,2,2.0,3,0.0,33,9.6,House,Medium,Semi-Furnished,Yes,No,No,49245688
3602,2,2.0,2,2.0,42,4.9,Apartment,Medium,Unfurnished,Yes,No,Yes,28884792
2182,3,3.0,1,2.0,3,31.6,House,Medium,Semi-Furnished,No,No,Yes,19827220
6259,4,2.0,1,1.0,42,39.8,Villa,Premium,Semi-Furnished,No,No,No,52395494
6045,4,2.0,2,2.0,18,34.7,Apartment,Medium,,Yes,Yes,Yes,49156816
3469,2,4.0,1,1.0,39,1.9,House,High,Unfurnished,No,No,Yes,31859777
600,4,5.0,3,1.0,44,10.8,Apartment,High,Unfurnished,Yes,No,No,8013332
4061,3,1.0,2,0.0,13,2.7,Apartment,Medium,Semi-Furnished,Yes,Yes,No,34838268
3808,5,2.0,2,1.0,14,33.0,Villa,Low,Unfurnished,Yes,No,Yes,32449806
1346,6,5.0,2,3.0,3,23.7,Villa,Medium,Unfurnished,No,No,No,17873099
4285,5,3.0,2,3.0,33,21.0,Villa,Low,Unfurnished,Yes,No,No,38542212
5536,1,2.0,2,2.0,42,22.6,Apartment,Medium,Semi-Furnished,Yes,No,Yes,41274181
1090,7,3.0,3,2.0,22,10.8,House,Premium,Unfurnished,Yes,No,No,16992479
4826,1,1.0,2,2.0,8,24.5,House,High,Semi-Furnished,Yes,No,No,38956919
1299,7,1.0,2,1.0,17,2.2,Townhouse,Low,Furnished,Yes,No,Yes,16387161
4980,1,4.0,2,1.0,22,26.2,House,Medium,Semi-Furnished,Yes,No,No,41098410
2985,4,3.0,1,2.0,50,29.6,Townhouse,Low,Unfurnished,Yes,No,No,22656690
489,1,4.0,3,3.0,6,27.2,Apartment,Premium,Unfurnished,Yes,No,Yes,10575356
6295,1,2.0,2,1.0,18,14.0,House,Medium,Unfurnished,No,No,No,50681562
1454,5,5.0,3,2.0,35,33.2,Villa,Medium,Semi-Furnished,Yes,No,Yes,17673852
4056,6,,3,1.0,13,28.9,House,Medium,Semi-Furnished,Yes,No,Yes,36531709
1547,1,4.0,3,1.0,48,6.0,House,Medium,Unfurnished,No,No,No,14384932
6094,7,,3,1.0,50,8.6,House,Medium,Unfurnished,Yes,No,No,46268784
4916,3,1.0,3,0.0,20,25.8,Townhouse,High,Unfurnished,Yes,No,Yes,40951598
5316,3,4.0,2,1.0,41,12.3,Apartment,Low,Unfurnished,No,Yes,Yes,41500833
3064,3,5.0,3,2.0,41,5.7,Townhouse,Low,Furnished,Yes,Yes,No,28336515
3277,4,5.0,1,2.0,37,7.0,House,Low,Unfurnished,Yes,No,No,29823327
4287,2,2.0,3,3.0,10,7.5,House,Medium,Unfurnished,No,No,No,36221375
5197,3,1.0,1,0.0,2,19.6,House,Premium,Unfurnished,Yes,No,Yes,47624511
5574,2,5.0,3,3.0,19,24.7,Apartment,Medium,Unfurnished,Yes,Yes,Yes,45560980
557,1,4.0,1,3.0,7,7.9,Townhouse,High,Unfurnished,Yes,No,No,9753396
4464,3,,2,1.0,16,28.8,Townhouse,Medium,Semi-Furnished,Yes,No,Yes,37744516
1110,5,4.0,1,1.0,35,12.0,Townhouse,High,Unfurnished,Yes,Yes,No,14048766
2191,6,5.0,1,1.0,32,13.2,Townhouse,Premium,,Yes,No,No,25190195
5468,3,2.0,3,2.0,11,9.7,House,Medium,Semi-Furnished,Yes,Yes,No,46852224
1965,3,4.0,3,3.0,0,31.6,House,Premium,Semi-Furnished,Yes,No,No,23043681
5270,6,4.0,1,2.0,12,38.4,Villa,Medium,Unfurnished,Yes,No,Yes,45696188
3251,5,3.0,1,2.0,25,20.2,Apartment,High,Furnished,Yes,Yes,No,30240144
1857,6,4.0,3,2.0,42,2.6,Villa,Medium,Unfurnished,Yes,No,Yes,22789674
2472,7,2.0,3,0.0,20,11.2,House,High,Furnished,Yes,No,Yes,28086180
3661,6,5.0,1,2.0,15,7.2,House,Medium,Furnished,No,Yes,No,35297339
5079,7,5.0,2,0.0,30,33.9,House,Premium,Semi-Furnished,Yes,Yes,No,45925626
4116,3,5.0,1,3.0,3,4.3,House,High,Unfurnished,Yes,No,Yes,39676885
6096,3,,3,3.0,12,38.7,Apartment,Medium,Furnished,Yes,Yes,No,51321905
5699,3,1.0,2,2.0,2,24.0,House,Premium,Semi-Furnished,Yes,No,Yes,51299692
5007,2,2.0,1,1.0,28,21.2,House,High,Unfurnished,Yes,No,No,38674070
4098,6,3.0,1,2.0,24,34.0,Apartment,Medium,Semi-Furnished,Yes,Yes,No,31777991
2203,6,5.0,2,2.0,32,2.1,Apartment,,Semi-Furnished,Yes,No,Yes,21802248
2946,6,3.0,3,2.0,33,31.3,House,Low,,Yes,Yes,No,26117231
1169,2,3.0,1,2.0,21,5.5,Apartment,Low,Semi-Furnished,No,No,No,10889777
2713,4,1.0,3,0.0,47,33.8,Villa,Low,Furnished,No,No,No,22117101
6055,2,4.0,2,0.0,50,21.6,Apartment,Premium,Semi-Furnished,Yes,No,Yes,50358101
3026,7,2.0,3,1.0,6,3.4,House,Medium,Semi-Furnished,Yes,No,Yes,31880277
1138,2,1.0,3,2.0,50,33.5,Apartment,High,Semi-Furnished,No,Yes,No,9291200
4394,2,5.0,1,1.0,10,2.1,House,Medium,Furnished,No,No,No,39554719
6273,4,1.0,1,2.0,13,6.4,House,Medium,Furnished,Yes,No,No,53401605
5698,7,1.0,3,1.0,29,32.1,House,Medium,Furnished,Yes,No,Yes,45333284
2108,7,1.0,1,3.0,1,19.1,House,Medium,Semi-Furnished,Yes,No,No,20927733
3196,1,3.0,1,1.0,20,35.4,House,Medium,Semi-Furnished,Yes,No,No,25090361
3662,3,1.0,2,3.0,10,25.8,Apartment,Medium,Unfurnished,Yes,No,No,29642033
1949,2,,3,1.0,26,25.3,House,Medium,Furnished,Yes,No,No,17253251
2075,3,,3,1.0,44,12.4,House,High,Unfurnished,Yes,No,Yes,20069634
1881,4,2.0,2,2.0,50,6.2,House,,Unfurnished,No,No,No,15707015
6467,2,1.0,1,1.0,11,38.5,House,Medium,Semi-Furnished,Yes,No,No,49759146
4963,1,3.0,2,0.0,29,5.1,Villa,Medium,Semi-Furnished,No,No,No,43483817
5537,4,1.0,3,1.0,26,21.6,House,Medium,Semi-Furnished,No,No,No,44532555
5390,1,5.0,1,3.0,22,11.6,Apartment,High,Unfurnished,No,No,No,45033239
6252,2,2.0,2,0.0,34,11.3,Apartment,Low,Unfurnished,No,No,No,47521176
1086,1,3.0,1,1.0,54,24.2,Apartment,Premium,Unfurnished,Yes,No,No,9805373
5783,1,1.0,1,2.0,22,32.1,House,High,Unfurnished,Yes,Yes,No,45749397
852,4,1.0,1,2.0,3,31.3,Villa,Medium,Unfurnished,Yes,No,No,11141022
3326,6,2.0,3,1.0,50,34.9,Villa,Medium,Semi-Furnished,Yes,Yes,Yes,29531329
4046,6,1.0,3,0.0,51,12.4,House,Low,Unfurnished,Yes,No,No,31865391
2615,1,4.0,1,0.0,17,19.2,Apartment,Premium,Unfurnished,No,No,No,25081178
1334,1,5.0,3,1.0,27,1.4,Villa,Medium,Unfurnished,Yes,Yes,Yes,19062348
1613,3,5.0,2,3.0,47,30.1,Apartment,Low,Semi-Furnished,Yes,No,No,13975425
5439,5,2.0,3,0.0,27,12.8,House,Medium,Furnished,Yes,No,No,47672003
2378,6,4.0,3,3.0,26,22.9,Villa,Low,Unfurnished,Yes,No,Yes,25437935
2327,6,3.0,1,2.0,50,7.6,House,Medium,Unfurnished,No,No,No,19848037
6036,3,,3,0.0,45,33.0,Apartment,Medium,Semi-Furnished,Yes,No,Yes,45559241
1320,2,1.0,2,,27,32.9,Apartment,Low,Unfurnished,Yes,Yes,No,9044437
5987,1,,1,0.0,8,35.2,House,High,Furnished,Yes,No,Yes,50123360
6021,2,3.0,1,3.0,24,2.8,Apartment,Medium,Furnished,No,No,Yes,51581115
4071,1,1.0,3,2.0,37,39.7,House,Medium,Semi-Furnished,Yes,No,No,28428400
1451,7,5.0,2,1.0,14,10.7,House,Medium,Furnished,Yes,No,No,19985554
1392,2,4.0,2,1.0,29,13.1,Apartment,Premium,Semi-Furnished,Yes,Yes,Yes,19772075
2172,6,3.0,1,2.0,36,10.7,Apartment,Medium,Semi-Furnished,Yes,No,No,20219964
3943,4,5.0,3,0.0,4,11.4,Villa,,Unfurnished,No,Yes,No,42318722
1379,4,5.0,1,1.0,31,22.6,House,Medium,Unfurnished,Yes,No,Yes,13973920
3206,4,5.0,1,0.0,40,10.4,House,High,Unfurnished,No,No,Yes,29463292
1148,6,2.0,2,2.0,11,16.4,House,Medium,Semi-Furnished,No,No,Yes,14572957
3718,1,5.0,3,2.0,30,26.6,Apartment,High,Semi-Furnished,Yes,Yes,Yes,33799997
577,1,3.0,1,1.0,39,33.6,House,Low,Unfurnished,Yes,No,Yes,4303839
4739,3,4.0,1,0.0,2,28.0,House,Premium,Semi-Furnished,Yes,No,Yes,44386402
785,3,5.0,2,1.0,35,24.2,House,Premium,Unfurnished,No,Yes,Yes,13745551
1628,4,1.0,1,3.0,14,6.8,Villa,Medium,Unfurnished,No,No,Yes,19296784
1506,6,,2,0.0,21,32.8,Townhouse,Medium,Unfurnished,Yes,No,No,13035686
5477,5,1.0,1,0.0,35,2.5,Villa,Medium,Semi-Furnished,Yes,Yes,No,48046741
772,2,2.0,1,0.0,0,11.3,House,Medium,Semi-Furnished,No,No,No,10826428
3047,3,3.0,1,3.0,0,3.2,House,High,Semi-Furnished,Yes,No,No,30869236
4026,6,5.0,3,0.0,24,27.0,House,High,Unfurnished,No,No,Yes,37814132
3571,2,5.0,3,2.0,52,15.4,Apartment,Medium,Semi-Furnished,Yes,Yes,Yes,29847034
4568,4,2.0,2,3.0,0,26.4,Villa,Low,Furnished,Yes,No,No,40842014
5308,4,2.0,2,2.0,43,14.5,Villa,Premium,Unfurnished,Yes,Yes,No,47860258
2831,6,3.0,3,1.0,4,18.8,Apartment,Low,Semi-Furnished,Yes,Yes,No,27492899
5460,6,5.0,1,0.0,26,18.9,Townhouse,Medium,Unfurnished,Yes,No,No,47294929
2373,4,5.0,2,0.0,23,2.8,Villa,Low,Unfurnished,Yes,No,Yes,25483523
6405,3,2.0,3,0.0,25,17.8,House,Low,Semi-Furnished,Yes,Yes,No,52250955
3502,3,1.0,3,3.0,4,26.0,Townhouse,Low,Unfurnished,Yes,No,No,30542764
4902,3,4.0,1,0.0,41,22.3,Apartment,Medium,Semi-Furnished,Yes,No,No,37955073
5743,2,2.0,3,0.0,15,3.9,Apartment,Medium,Furnished,Yes,No,No,47613076
5245,5,1.0,2,3.0,42,27.1,Apartment,Medium,Unfurnished,Yes,Yes,No,41053754
5599,2,1.0,3,1.0,36,13.0,House,High,Unfurnished,No,No,Yes,44837116
3695,5,3.0,1,1.0,30,1.6,House,High,Furnished,No,No,Yes,35339088
713,6,2.0,2,2.0,16,,Townhouse,Low,Semi-Furnished,No,No,Yes,12740808
3433,7,3.0,3,2.0,35,20.4,Apartment,Low,Furnished,Yes,No,No,28882788
1548,1,2.0,1,3.0,54,13.1,Apartment,Medium,Unfurnished,No,Yes,No,12000744
5829,6,4.0,3,1.0,50,28.1,House,High,Semi-Furnished,Yes,No,Yes,49582324
1882,1,,1,2.0,50,10.4,Apartment,Medium,Furnished,Yes,Yes,Yes,17327811
1829,3,3.0,3,,12,31.1,House,Medium,Unfurnished,No,Yes,No,17281390
1958,2,1.0,2,1.0,32,12.2,House,High,Furnished,Yes,No,Yes,21055158
4337,2,3.0,1,1.0,21,25.2,Townhouse,Low,Semi-Furnished,Yes,Yes,No,35653437
3905,2,4.0,1,3.0,53,32.2,House,Medium,Furnished,Yes,Yes,No,31961837
6190,1,2.0,3,0.0,52,16.0,Apartment,Low,Unfurnished,Yes,Yes,Yes,48180776
2968,6,2.0,1,0.0,47,2.8,Apartment,High,Semi-Furnished,No,Yes,Yes,26966331
2157,1,3.0,2,2.0,8,21.9,Apartment,Medium,Unfurnished,Yes,No,Yes,18144477
747,3,2.0,1,3.0,17,39.8,Townhouse,High,Furnished,Yes,Yes,No,11463713
492,5,3.0,3,0.0,39,38.8,House,Low,Unfurnished,No,No,No,3198070
2710,7,2.0,2,3.0,41,9.6,House,Medium,Unfurnished,No,Yes,Yes,26186241
6051,6,2.0,3,3.0,19,30.5,Apartment,Low,Furnished,Yes,No,Yes,48726004
3618,1,4.0,1,3.0,7,14.5,Townhouse,High,Unfurnished,Yes,No,No,33714974
5855,7,3.0,1,1.0,7,7.3,Apartment,Low,Semi-Furnished,Yes,Yes,No,48873260
1065,5,3.0,2,1.0,37,27.0,House,,Unfurnished,Yes,No,No,9132366
1014,2,4.0,2,2.0,24,20.5,Villa,High,Semi-Furnished,Yes,No,No,14077769
5492,4,2.0,3,0.0,27,22.0,Apartment,Low,,Yes,Yes,Yes,42705311
1095,7,1.0,3,3.0,44,33.3,House,Medium,Semi-Furnished,No,Yes,No,9857690
764,3,5.0,3,2.0,0,14.1,Apartment,High,Semi-Furnished,No,No,No,10582848
2894,2,1.0,1,1.0,41,,House,High,Unfurnished,Yes,Yes,No,22013488
6045,7,3.0,1,2.0,15,15.3,Townhouse,High,Unfurnished,Yes,Yes,No,53922673
4620,7,2.0,3,,51,2.7,House,Medium,Unfurnished,No,Yes,No,39496400
1049,7,2.0,2,2.0,52,15.7,Villa,Medium,Semi-Furnished,No,No,No,11410132
5514,7,1.0,3,3.0,27,38.1,House,High,Unfurnished,No,No,Yes,45955986
5553,7,5.0,2,3.0,17,19.8,Apartment,Low,Unfurnished,Yes,Yes,No,46447408
5294,4,3.0,1,3.0,12,5.2,House,High,Unfurnished,Yes,Yes,Yes,48996167
5911,2,2.0,2,2.0,9,27.8,House,Low,Semi-Furnished,Yes,No,No,46590525
1901,5,4.0,3,2.0,54,38.6,Apartment,Premium,Semi-Furnished,No,No,No,17479989
6376,2,1.0,2,1.0,10,36.4,House,Medium,Semi-Furnished,Yes,No,No,49137643
2390,4,3.0,1,0.0,24,23.3,House,Medium,Furnished,Yes,Yes,Yes,24906076
5302,5,3.0,1,1.0,26,15.7,House,Medium,Semi-Furnished,Yes,Yes,No,43878779
3955,7,3.0,3,3.0,37,23.6,Apartment,Medium,Furnished,Yes,No,No,34045903
5165,3,1.0,3,0.0,46,32.8,Townhouse,Medium,Semi-Furnished,Yes,No,No,39539232
4248,2,5.0,3,2.0,30,34.6,House,High,Unfurnished,No,No,No,34491628
4337,6,2.0,1,,41,32.9,Apartment,Medium,Furnished,Yes,Yes,No,32458868
4178,1,4.0,2,1.0,31,18.8,Apartment,Medium,Furnished,Yes,No,No,33363812
5162,4,4.0,3,0.0,24,5.6,Villa,Medium,Semi-Furnished,No,No,No,46834717
4921,6,2.0,2,2.0,8,23.2,House,High,Unfurnished,Yes,No,No,42501797
1264,4,1.0,2,3.0,11,7.1,House,Medium,Unfurnished,Yes,Yes,Yes,15091905
5447,3,2.0,2,3.0,23,3.4,Apartment,Medium,Semi-Furnished,Yes,No,No,45867893
3693,6,5.0,1,2.0,2,20.4,House,Premium,Semi-Furnished,Yes,No,Yes,38049091
2404,3,5.0,1,0.0,17,26.6,Villa,Medium,Semi-Furnished,Yes,No,Yes,24359520
3561,5,5.0,3,2.0,25,34.3,Apartment,Medium,Semi-Furnished,Yes,Yes,No,29392643
6300,4,2.0,1,0.0,25,31.5,Townhouse,Premium,Semi-Furnished,Yes,No,Yes,53756147
5638,1,4.0,1,1.0,44,34.4,Apartment,Medium,Unfurnished,Yes,No,No,41499356
5493,4,1.0,2,2.0,53,30.6,Apartment,Premium,Unfurnished,Yes,No,Yes,44999783
3249,1,4.0,3,2.0,40,28.4,House,High,Unfurnished,Yes,No,Yes,27033669
5194,7,3.0,2,0.0,4,1.4,House,Medium,Furnished,Yes,Yes,Yes,48460701
2779,5,4.0,2,3.0,22,25.4,Apartment,,Semi-Furnished,Yes,Yes,No,24082777
4601,3,4.0,2,1.0,40,5.7,House,,Furnished,Yes,No,Yes,39304604
4319,4,5.0,1,3.0,32,3.3,Apartment,Medium,Semi-Furnished,No,Yes,Yes,39980509
1961,5,3.0,1,2.0,25,7.1,House,,Semi-Furnished,Yes,No,Yes,19480423
2062,2,2.0,1,2.0,23,33.1,House,Low,Semi-Furnished,Yes,Yes,No,15171372
819,3,3.0,3,2.0,22,30.0,Townhouse,Medium,Furnished,Yes,No,Yes,10008509
1295,3,1.0,3,3.0,31,38.0,House,High,Furnished,Yes,No,Yes,11820143
3073,2,1.0,1,0.0,9,39.2,House,Low,Semi-Furnished,Yes,Yes,No,22106604
3341,6,3.0,1,2.0,28,35.8,House,High,,Yes,Yes,Yes,30658488
1448,1,5.0,1,0.0,11,6.2,Apartment,Premium,Semi-Furnished,Yes,Yes,Yes,18612145
2972,6,3.0,3,1.0,37,35.3,Apartment,High,Unfurnished,No,No,Yes,25390796
4105,3,4.0,2,3.0,47,,Townhouse,High,Unfurnished,Yes,Yes,No,34475668
1857,4,1.0,3,3.0,27,35.0,Apartment,High,Semi-Furnished,Yes,Yes,No,16305825
2496,2,,2,1.0,21,6.9,Villa,,Furnished,Yes,No,Yes,26676715
2673,3,4.0,3,1.0,51,5.6,Apartment,Medium,Unfurnished,Yes,No,No,21576905
3505,6,2.0,2,2.0,36,37.0,Villa,Premium,Unfurnished,No,No,Yes,34207760
2666,2,1.0,1,1.0,23,7.8,Apartment,High,Furnished,Yes,No,Yes,23986094
4908,1,1.0,3,0.0,1,15.4,Townhouse,High,Unfurnished,Yes,Yes,No,41908070
2431,4,5.0,3,1.0,0,18.8,House,Premium,Unfurnished,Yes,No,Yes,28154784
3075,2,4.0,3,1.0,12,5.9,Apartment,Medium,Semi-Furnished,Yes,No,No,28626026
2745,3,2.0,3,2.0,13,1.8,House,Medium,,Yes,No,Yes,28125000
1556,4,2.0,1,3.0,39,39.8,House,High,Semi-Furnished,Yes,Yes,Yes,12557069
4598,4,1.0,1,2.0,27,35.2,Apartment,Low,Semi-Furnished,No,No,No,33615619
1874,5,5.0,2,1.0,54,36.6,Apartment,Medium,Unfurnished,No,Yes,No,12807266
2246,5,1.0,1,2.0,29,12.1,House,High,Unfurnished,Yes,No,No,20684910
5246,6,4.0,2,3.0,49,9.6,House,Medium,Semi-Furnished,Yes,No,No,44322243
6190,1,2.0,1,1.0,30,17.6,Apartment,Medium,Furnished,No,Yes,Yes,48615148
4508,3,2.0,2,1.0,19,18.7,Townhouse,High,Unfurnished,No,No,No,38367037
5993,1,2.0,2,0.0,39,1.2,Apartment,Low,Unfurnished,Yes,Yes,No,46982869
5617,1,5.0,2,3.0,24,31.4,Apartment,High,Unfurnished,Yes,No,No,44882081
3359,2,1.0,3,3.0,15,39.9,House,Low,,No,No,Yes,24929083
5110,5,2.0,2,0.0,26,21.6,Apartment,High,Unfurnished,Yes,No,Yes,42249627
2436,7,2.0,2,1.0,36,16.1,Apartment,Medium,Unfurnished,Yes,Yes,No,19812741
3236,6,2.0,1,1.0,20,16.3,House,Medium,Furnished,Yes,No,No,28495820
3689,5,1.0,2,3.0,38,4.7,Apartment,Medium,Unfurnished,Yes,No,No,31507170
6260,6,5.0,1,0.0,53,11.4,Apartment,Medium,Semi-Furnished,Yes,No,No,48881329
5583,2,2.0,1,0.0,22,20.6,House,Medium,Semi-Furnished,No,Yes,No,43813694
3409,6,3.0,2,1.0,16,17.8,House,High,Furnished,Yes,Yes,Yes,33642329
4398,7,2.0,1,2.0,22,22.3,Villa,High,Furnished,No,Yes,No,43297041
1674,1,5.0,2,0.0,46,34.1,House,Low,Semi-Furnished,Yes,No,No,11896825
5316,4,2.0,1,2.0,9,9.8,House,High,Unfurnished,Yes,No,Yes,46350770
3795,6,2.0,3,2.0,53,2.1,Apartment,High,Semi-Furnished,Yes,Yes,Yes,33908812
3672,4,2.0,3,3.0,22,2.5,Villa,High,Unfurnished,No,Yes,No,36594090
5086,6,2.0,1,0.0,46,6.2,Apartment,Medium,Unfurnished,Yes,Yes,No,40955750
4279,7,1.0,2,0.0,43,23.2,Apartment,Low,Unfurnished,Yes,Yes,Yes,32573162
888,4,4.0,2,0.0,43,32.5,Villa,Premium,Furnished,No,Yes,No,15255151
2193,1,1.0,2,3.0,49,35.6,House,Medium,Unfurnished,Yes,No,Yes,15810757
1519,3,2.0,2,2.0,10,25.8,House,Medium,Semi-Furnished,Yes,No,Yes,16070109
4896,2,2.0,3,2.0,32,16.7,Apartment,High,Semi-Furnished,No,Yes,Yes,40933778
662,4,2.0,2,3.0,5,7.0,Apartment,Medium,Semi-Furnished,Yes,No,No,10035066
1674,5,4.0,1,2.0,16,16.7,House,High,Unfurnished,Yes,No,No,18502113
4064,4,3.0,2,0.0,2,14.0,House,Low,Furnished,No,No,Yes,37404313
4653,2,5.0,1,2.0,37,34.9,House,High,Semi-Furnished,Yes,No,No,38387938
3494,3,2.0,2,2.0,33,20.0,Apartment,Premium,Semi-Furnished,Yes,Yes,No,31896279
5657,5,5.0,1,0.0,40,9.8,Apartment,Premium,Unfurnished,Yes,Yes,No,49489782
6009,1,1.0,1,2.0,9,12.3,House,Premium,Furnished,Yes,No,No,52007533
1249,2,3.0,3,1.0,18,6.3,House,High,Semi-Furnished,Yes,No,Yes,16571850
6212,7,4.0,1,0.0,37,36.8,Apartment,Medium,Semi-Furnished,Yes,No,Yes,49788829
4166,1,3.0,3,1.0,45,3.0,Apartment,Premium,Unfurnished,Yes,Yes,Yes,37440498
4299,3,,3,1.0,48,1.5,Apartment,Premium,Unfurnished,Yes,No,No,39527821
1025,2,2.0,2,1.0,4,8.1,Apartment,Medium,Unfurnished,Yes,No,Yes,11738253
4212,1,1.0,3,1.0,22,32.6,House,Medium,Unfurnished,Yes,No,Yes,32972727
4840,3,4.0,1,2.0,0,21.4,Apartment,Low,Unfurnished,Yes,No,No,37944253
3963,4,1.0,1,1.0,45,25.4,House,Medium,Unfurnished,Yes,No,Yes,29623541
961,2,4.0,1,1.0,6,15.0,Villa,High,Furnished,Yes,Yes,No,15327340
3615,1,4.0,2,3.0,45,3.7,Townhouse,Medium,Furnished,Yes,No,No,31962096
6112,1,5.0,2,0.0,8,34.4,Townhouse,Medium,Furnished,Yes,No,No,49226324
4826,5,3.0,3,1.0,0,8.5,Apartment,Medium,Semi-Furnished,Yes,No,No,41883483
1281,7,5.0,2,0.0,48,2.3,Apartment,Low,Semi-Furnished,No,No,No,12026248
6257,2,1.0,1,3.0,24,23.3,Apartment,Premium,Unfurnished,Yes,No,No,50648787
6251,3,3.0,3,0.0,23,4.2,House,Medium,Semi-Furnished,Yes,Yes,No,51690907
1474,3,1.0,3,3.0,35,4.7,Apartment,Low,Unfurnished,Yes,No,No,13228018
5295,3,4.0,3,0.0,15,32.2,House,Low,Semi-Furnished,Yes,Yes,No,43564305
2910,2,4.0,2,1.0,37,20.2,Apartment,High,Furnished,Yes,No,Yes,26558206
4041,1,5.0,2,2.0,23,10.4,Apartment,High,Furnished,Yes,Yes,Yes,37665852
3143,4,4.0,2,3.0,14,14.6,House,Low,Unfurnished,Yes,No,No,26377882
5184,3,2.0,3,0.0,21,29.4,House,Low,Semi-Furnished,Yes,No,Yes,40801014
6479,3,1.0,1,0.0,0,3.6,House,Medium,Unfurnished,Yes,No,No,52323089
5260,2,5.0,3,3.0,16,5.5,Townhouse,Medium,Unfurnished,Yes,No,No,46424047
6084,7,3.0,1,1.0,32,25.0,Apartment,High,Unfurnished,Yes,No,No,49977136
6173,5,1.0,2,0.0,7,24.7,Apartment,Low,Unfurnished,No,Yes,No,48176469
995,3,,1,2.0,6,38.9,House,Medium,Semi-Furnished,No,No,No,11571234
1982,2,5.0,2,0.0,36,15.6,House,Medium,Semi-Furnished,Yes,Yes,Yes,19097717
4817,6,3.0,3,3.0,23,3.5,House,Medium,Unfurnished,Yes,Yes,Yes,43511902
4019,7,4.0,3,3.0,7,22.0,Apartment,Medium,Furnished,Yes,No,Yes,38634490
753,1,1.0,3,3.0,41,25.9,Townhouse,Low,Semi-Furnished,Yes,Yes,Yes,7259895
1025,7,1.0,1,1.0,42,6.4,Apartment,Medium,Semi-Furnished,Yes,No,No,9775701
3599,5,2.0,1,0.0,1,22.6,House,Low,Semi-Furnished,Yes,No,No,31995269
4177,1,4.0,3,1.0,11,8.7,House,Low,Semi-Furnished,Yes,No,No,36536657
1464,6,1.0,2,1.0,20,33.9,Townhouse,Premium,Semi-Furnished,Yes,Yes,No,17224410
1486,1,1.0,1,3.0,40,33.6,House,Medium,Semi-Furnished,Yes,No,Yes,10504250
1232,1,4.0,3,2.0,4,17.8,Townhouse,Medium,Furnished,Yes,No,No,16268061
3867,1,4.0,2,3.0,44,38.7,Apartment,Low,Unfurnished,No,No,No,27320997
497,4,4.0,1,3.0,17,39.2,House,High,Semi-Furnished,Yes,No,No,7981265
3913,5,4.0,3,2.0,6,6.0,Villa,Premium,Unfurnished,No,No,Yes,43045449
3329,3,5.0,2,0.0,47,15.3,House,High,Furnished,No,No,No,30544979
3269,1,4.0,2,0.0,4,24.4,House,Medium,Unfurnished,Yes,Yes,Yes,29613283
4559,2,3.0,3,0.0,7,4.3,Townhouse,High,Unfurnished,Yes,No,No,41911478
3611,6,5.0,2,2.0,52,15.9,Apartment,Medium,Furnished,Yes,No,No,31605337
4852,7,2.0,2,0.0,28,11.2,House,High,Semi-Furnished,No,Yes,No,43204602
5071,6,1.0,2,,25,38.1,Townhouse,High,,Yes,Yes,Yes,42281626
6016,1,4.0,1,0.0,37,17.1,Townhouse,Low,,No,No,Yes,48452418
5285,6,2.0,1,3.0,34,30.7,Townhouse,Medium,Unfurnished,Yes,No,No,40891191
3582,5,5.0,3,2.0,33,16.1,Townhouse,Medium,Furnished,Yes,No,No,33576140
3427,4,3.0,1,0.0,1,6.1,Apartment,Low,Semi-Furnished,Yes,Yes,No,29340610
1876,2,5.0,2,0.0,30,34.7,Townhouse,High,,Yes,No,No,17122784
4077,7,1.0,1,1.0,15,1.0,House,Low,Semi-Furnished,No,No,No,34616036
1291,4,4.0,1,1.0,44,3.2,House,High,Semi-Furnished,No,No,No,14871780
6083,1,3.0,2,1.0,27,15.2,House,Premium,,No,No,Yes,52370382
5562,2,3.0,3,2.0,6,27.8,Villa,Medium,Furnished,Yes,No,Yes,48447500
1174,3,2.0,2,0.0,48,14.3,House,Medium,Unfurnished,Yes,Yes,Yes,11001427
5205,1,5.0,1,0.0,15,3.6,Villa,Medium,Furnished,Yes,No,Yes,49170307
1158,3,2.0,1,2.0,14,13.4,Apartment,High,Furnished,Yes,No,Yes,13188761
4813,4,5.0,1,3.0,51,10.6,Apartment,Medium,Unfurnished,Yes,Yes,Yes,39711152
980,7,3.0,3,1.0,42,1.2,House,Medium,Semi-Furnished,Yes,No,No,13584679
3403,1,1.0,1,3.0,47,21.9,Apartment,Medium,Semi-Furnished,No,No,No,24288099
4430,5,5.0,2,1.0,36,5.5,House,Premium,Semi-Furnished,Yes,No,No,42709539
4859,7,1.0,1,1.0,50,12.2,Apartment,Medium,Semi-Furnished,Yes,Yes,Yes,40459472
2982,6,2.0,2,0.0,6,26.0,House,Medium,Unfurnished,Yes,No,No,25176538
6025,7,5.0,3,1.0,32,29.3,Apartment,Premium,Unfurnished,Yes,Yes,No,52505098
5134,2,5.0,2,1.0,16,11.3,Apartment,Low,Semi-Furnished,Yes,No,No,41854522
1710,6,5.0,2,2.0,21,13.8,House,Low,Unfurnished,Yes,No,No,17659617
4510,7,3.0,1,,13,10.6,Apartment,Medium,Unfurnished,Yes,No,No,39438570
4869,3,,1,0.0,11,38.3,Apartment,Low,Semi-Furnished,No,No,Yes,36192928
2468,4,2.0,3,1.0,24,8.4,Apartment,Medium,Unfurnished,Yes,No,No,20436003
4916,4,4.0,1,0.0,50,8.1,Apartment,Medium,Furnished,Yes,Yes,Yes,40062985
5885,4,3.0,2,0.0,34,18.4,House,High,Furnished,No,No,No,50191525
5393,3,1.0,1,2.0,19,8.4,Apartment,Medium,Furnished,No,No,Yes,43657840
5063,7,3.0,1,3.0,23,7.1,House,Medium,Unfurnished,No,Yes,No,43764294
4288,7,3.0,2,2.0,29,4.7,House,Medium,Semi-Furnished,No,No,No,36471129
2086,3,2.0,3,0.0,13,26.0,House,High,Furnished,No,No,Yes,20601453
5261,6,2.0,1,3.0,28,,House,High,Semi-Furnished,No,No,Yes,45571970
2653,3,3.0,3,2.0,38,26.4,Apartment,High,Semi-Furnished,Yes,No,Yes,23836461
3669,6,1.0,2,2.0,13,31.2,Townhouse,High,Semi-Furnished,Yes,Yes,Yes,33817322
2352,5,1.0,3,0.0,32,13.7,House,High,Unfurnished,Yes,Yes,No,20801303
2343,4,4.0,1,2.0,38,36.8,Apartment,High,Unfurnished,Yes,No,No,18949643
1403,1,2.0,3,0.0,28,29.6,Townhouse,Low,Semi-Furnished,Yes,Yes,No,11587023
6265,5,4.0,1,2.0,16,32.4,House,Premium,Unfurnished,Yes,No,Yes,54001358
1344,3,3.0,3,0.0,30,29.1,House,High,Furnished,Yes,Yes,Yes,16099302
971,2,3.0,2,3.0,43,15.0,Townhouse,Medium,Semi-Furnished,Yes,Yes,Yes,12335162
6113,2,3.0,2,,12,12.0,Apartment,Low,Unfurnished,Yes,No,Yes,48489016
3807,7,3.0,1,2.0,31,17.5,Villa,Medium,Semi-Furnished,Yes,No,Yes,36611949
3099,1,5.0,2,0.0,37,4.8,House,Medium,Semi-Furnished,Yes,Yes,No,27803634
4911,6,5.0,1,2.0,17,18.6,House,High,Unfurnished,No,No,No,44555024
2769,7,2.0,2,1.0,21,2.7,Apartment,Medium,Furnished,No,No,No,27766636
1223,1,4.0,3,3.0,48,1.2,Apartment,Low,Semi-Furnished,Yes,No,Yes,11440501
4864,5,5.0,1,2.0,19,37.3,Townhouse,Medium,Semi-Furnished,No,No,No,40897436
1514,5,1.0,1,1.0,32,27.9,Apartment,High,Furnished,No,No,Yes,15196368
3795,3,4.0,1,0.0,8,22.9,Apartment,Low,Semi-Furnished,No,No,Yes,30336888
6191,5,3.0,1,2.0,50,14.3,House,High,Semi-Furnished,Yes,Yes,No,51215491
6113,3,5.0,1,1.0,32,,House,Medium,Unfurnished,Yes,No,Yes,49153561
2632,4,3.0,1,0.0,41,35.8,Apartment,Medium,Unfurnished,Yes,No,No,18630697
5170,4,5.0,2,2.0,33,26.4,Villa,Medium,Semi-Furnished,Yes,No,Yes,45387271
4156,6,1.0,1,0.0,19,,House,Medium,Semi-Furnished,Yes,No,No,33591644
3350,5,1.0,3,0.0,18,,Villa,High,Semi-Furnished,Yes,No,No,32872689
1296,3,5.0,3,0.0,38,14.5,Apartment,High,Semi-Furnished,Yes,No,No,12499869
2726,7,3.0,3,1.0,47,28.2,Apartment,Low,Semi-Furnished,Yes,No,No,20728096
4394,6,3.0,2,0.0,7,39.3,House,Medium,Furnished,No,No,Yes,37909835
6419,7,1.0,1,0.0,46,17.6,Apartment,High,Furnished,Yes,No,Yes,52807899
479,6,2.0,3,1.0,45,16.3,House,,Unfurnished,No,No,Yes,6859212
4792,3,5.0,1,0.0,5,17.7,Apartment,Medium,Furnished,Yes,Yes,No,42131432
5570,6,2.0,2,0.0,5,17.6,Villa,High,Furnished,Yes,No,Yes,53114180
6204,3,,2,,38,39.6,Townhouse,Low,,Yes,Yes,No,47058276
3014,2,2.0,3,0.0,46,28.6,Villa,Low,Unfurnished,No,No,No,22330235
1166,4,2.0,2,3.0,21,15.0,Townhouse,High,Unfurnished,Yes,No,Yes,15682059
2089,7,1.0,3,1.0,35,15.5,Townhouse,High,Semi-Furnished,Yes,No,Yes,23344641
5595,4,5.0,3,3.0,54,17.8,House,High,Semi-Furnished,Yes,No,Yes,47645474
5761,3,5.0,2,3.0,17,,House,Medium,Semi-Furnished,Yes,No,Yes,51316927
4304,4,1.0,3,3.0,12,21.6,Townhouse,Medium,Semi-Furnished,Yes,Yes,No,38265540
1192,3,2.0,1,2.0,54,32.6,Townhouse,High,Unfurnished,Yes,Yes,No,10378023
1187,5,3.0,3,,15,26.8,Townhouse,Medium,Semi-Furnished,No,No,No,11182633
3342,3,2.0,1,2.0,25,8.7,Villa,Medium,Furnished,Yes,Yes,No,32481776
4008,4,4.0,3,0.0,24,29.4,Apartment,Medium,Furnished,Yes,No,No,32288872
645,3,2.0,2,3.0,28,29.1,Townhouse,,Semi-Furnished,Yes,No,No,5857850
4600,3,1.0,3,1.0,14,11.2,Townhouse,Medium,Unfurnished,Yes,Yes,No,37443027
3744,7,2.0,1,,37,25.3,House,Medium,Unfurnished,Yes,No,No,30938267
524,3,3.0,2,0.0,38,24.8,Villa,High,Unfurnished,Yes,No,Yes,8469160
1028,1,1.0,3,0.0,11,33.8,House,Medium,Semi-Furnished,Yes,No,No,8749803
3198,3,5.0,1,0.0,26,6.3,Townhouse,Low,Unfurnished,Yes,No,No,28565359
4821,4,1.0,1,2.0,3,8.6,Apartment,Low,Furnished,Yes,No,Yes,41092237
5443,1,1.0,1,0.0,12,20.0,Villa,Low,Semi-Furnished,No,No,Yes,44629714
3059,3,3.0,1,3.0,54,2.7,Apartment,Medium,Semi-Furnished,No,No,No,25176843
2236,2,3.0,2,1.0,27,17.2,Apartment,Medium,Unfurnished,Yes,Yes,No,19019888
6308,4,2.0,2,2.0,34,31.7,Apartment,Low,Semi-Furnished,No,Yes,Yes,47927156
3224,6,2.0,1,1.0,48,6.8,House,Medium,Semi-Furnished,Yes,No,Yes,27435997
2358,7,1.0,1,0.0,39,18.9,Apartment,,Semi-Furnished,Yes,No,No,18062817
3126,3,4.0,1,0.0,43,39.6,Townhouse,Medium,Unfurnished,No,No,No,22856052
523,7,2.0,3,2.0,39,20.7,House,Low,Furnished,Yes,No,No,7666688
2276,2,1.0,3,2.0,27,20.4,Townhouse,Medium,Unfurnished,Yes,No,No,19907085
3569,6,2.0,1,1.0,34,22.8,Apartment,High,Unfurnished,Yes,No,No,29779915
6006,4,5.0,1,1.0,15,8.3,Apartment,High,Furnished,Yes,Yes,Yes,53327305
4916,6,2.0,1,3.0,48,6.7,Villa,Medium,Unfurnished,No,No,No,39996060
5176,6,5.0,3,3.0,9,27.4,House,High,Unfurnished,Yes,No,No,45864557
3746,4,2.0,3,1.0,48,16.4,House,High,Semi-Furnished,No,No,Yes,31015559
1119,2,1.0,3,0.0,48,12.3,Villa,Low,Semi-Furnished,Yes,Yes,No,10642565
2815,4,2.0,1,1.0,7,2.2,Villa,Medium,Unfurnished,No,No,Yes,28719049
6482,6,2.0,2,2.0,39,34.0,House,High,Unfurnished,No,Yes,No,52001151
717,7,1.0,1,2.0,54,,Townhouse,Medium,Unfurnished,Yes,Yes,No,10595060
5769,7,3.0,3,0.0,31,30.2,House,Medium,Semi-Furnished,Yes,No,No,47298173
4591,2,2.0,2,0.0,18,15.9,House,Medium,,Yes,No,Yes,39413351
2167,5,4.0,1,1.0,48,24.3,House,Low,Semi-Furnished,Yes,No,Yes,19208325
5156,1,3.0,3,3.0,28,10.7,Apartment,Premium,Furnished,Yes,No,Yes,47870236
5513,5,3.0,2,0.0,6,7.1,Apartment,Low,Unfurnished,Yes,No,No,45199288
711,7,3.0,2,1.0,13,21.8,Villa,Low,Unfurnished,Yes,No,Yes,11019542
1093,1,1.0,1,0.0,37,28.1,House,Low,Unfurnished,Yes,Yes,No,6279236
4477,5,4.0,1,0.0,25,8.6,Apartment,Medium,Unfurnished,Yes,No,Yes,38057517
6494,7,1.0,3,,11,18.0,House,High,Unfurnished,Yes,No,No,54627057
594,6,4.0,1,1.0,43,18.3,Apartment,High,Furnished,Yes,No,Yes,8848872
4477,3,5.0,1,1.0,6,9.4,Apartment,Premium,Unfurnished,Yes,No,No,42355354
1275,1,4.0,3,3.0,12,23.0,Townhouse,Medium,Semi-Furnished,Yes,No,No,13176143
4383,7,3.0,1,0.0,25,6.7,House,Medium,Semi-Furnished,Yes,No,Yes,37714157
4221,7,2.0,2,0.0,2,20.9,Apartment,Medium,Furnished,Yes,No,No,35590222
997,5,5.0,3,3.0,21,5.4,House,Low,Unfurnished,Yes,No,No,13371280
4568,7,2.0,2,2.0,50,19.9,House,High,Unfurnished,Yes,No,Yes,38104473
5877,1,3.0,2,0.0,51,13.2,House,Medium,Furnished,Yes,Yes,No,46623919
5673,5,4.0,1,1.0,47,18.6,Townhouse,Medium,Unfurnished,No,No,No,45604200
625,1,,2,2.0,17,17.9,House,Medium,Semi-Furnished,Yes,Yes,Yes,10952499
1937,7,5.0,2,1.0,3,36.4,House,High,Semi-Furnished,Yes,No,Yes,21662457
1907,5,1.0,2,2.0,44,20.1,House,Medium,Semi-Furnished,Yes,Yes,No,15522153
3192,7,5.0,1,2.0,20,32.9,House,High,Unfurnished,Yes,No,No,29205639
1315,4,1.0,1,1.0,41,9.8,Apartment,High,Unfurnished,Yes,No,No,12451080
5618,1,3.0,3,3.0,6,14.7,Apartment,High,Semi-Furnished,Yes,No,No,48788577
5149,1,5.0,3,1.0,36,3.9,Villa,Low,Semi-Furnished,Yes,Yes,Yes,46737501
5340,3,4.0,3,3.0,32,17.4,House,Low,Semi-Furnished,Yes,No,Yes,45868292
1649,6,5.0,1,0.0,50,27.1,House,Medium,,Yes,No,No,16344182
538,2,2.0,3,1.0,5,33.7,Apartment,High,Furnished,Yes,Yes,No,7712395
5959,6,2.0,1,2.0,22,23.1,Villa,Premium,Furnished,No,No,Yes,56407807
2197,2,2.0,2,3.0,54,26.0,Apartment,Medium,Semi-Furnished,Yes,No,No,15684705
4420,4,2.0,1,0.0,21,7.9,House,Medium,Unfurnished,No,Yes,Yes,38487364
5952,2,4.0,3,3.0,36,2.5,Villa,Medium,Semi-Furnished,Yes,No,No,52883415
668,4,3.0,1,0.0,8,31.9,House,Medium,Semi-Furnished,Yes,Yes,No,6510947
483,4,4.0,3,1.0,40,7.5,Townhouse,Medium,Semi-Furnished,Yes,Yes,Yes,8918696
482,1,3.0,1,1.0,15,4.6,Apartment,Medium,Unfurnished,Yes,Yes,Yes,6527041
1395,4,2.0,3,1.0,31,37.6,House,High,Semi-Furnished,Yes,Yes,No,12094158
762,6,1.0,2,3.0,48,38.6,Townhouse,,Unfurnished,No,No,Yes,6909583
5410,7,3.0,1,2.0,36,25.0,House,Medium,Unfurnished,Yes,No,No,45580895
4115,3,5.0,1,3.0,26,15.8,House,Low,Furnished,No,No,No,35039095
6379,7,5.0,3,1.0,10,33.5,House,Medium,Semi-Furnished,Yes,Yes,No,55296641
5298,7,2.0,1,3.0,18,9.0,Villa,High,Semi-Furnished,Yes,No,No,50649963
6277,7,3.0,1,1.0,46,17.7,Townhouse,,Semi-Furnished,Yes,Yes,Yes,52549199
1893,3,4.0,2,2.0,11,14.9,House,Low,Semi-Furnished,Yes,No,No,18716518
2191,6,4.0,1,2.0,36,,Townhouse,Low,Unfurnished,No,No,No,17281481
5588,4,1.0,1,2.0,26,36.9,House,Low,Semi-Furnished,Yes,No,No,42645103
1931,1,3.0,2,2.0,17,26.4,House,High,Unfurnished,No,Yes,Yes,19770825
796,2,1.0,3,1.0,39,5.3,Apartment,Medium,,Yes,No,Yes,8603724
4498,5,1.0,3,2.0,19,19.8,House,Medium,,Yes,No,No,37520517
5295,2,4.0,3,3.0,15,,Townhouse,Medium,Furnished,Yes,No,No,46538917
6307,4,1.0,1,,29,,House,Low,Semi-Furnished,No,No,Yes,46219041
6063,6,2.0,2,,41,6.4,Apartment,Medium,Semi-Furnished,Yes,Yes,No,50596745
1177,2,3.0,1,0.0,47,3.1,House,Low,Unfurnished,Yes,No,Yes,9550537
5121,4,4.0,3,1.0,34,28.5,Villa,Premium,Semi-Furnished,Yes,No,No,47821547
5569,2,3.0,2,3.0,36,18.7,Townhouse,Low,Semi-Furnished,Yes,No,Yes,45896063
4673,4,1.0,1,2.0,43,33.7,Apartment,Medium,Semi-Furnished,No,No,No,32780911
5409,2,4.0,3,0.0,14,3.9,Apartment,Low,Semi-Furnished,No,No,No,43842879
5519,7,5.0,1,2.0,13,32.2,House,High,Furnished,Yes,No,No,50918727
3151,1,5.0,1,3.0,26,2.5,Apartment,Low,Semi-Furnished,No,No,No,26916566
692,7,4.0,3,0.0,34,2.1,Townhouse,Premium,Semi-Furnished,Yes,No,No,14023508
3209,6,3.0,2,0.0,35,19.0,House,Low,Semi-Furnished,Yes,No,Yes,28364191
1670,6,5.0,3,1.0,8,9.6,House,High,Semi-Furnished,Yes,Yes,No,21578592
1138,6,3.0,2,2.0,42,24.2,Apartment,High,Semi-Furnished,No,No,No,9837328
1205,2,1.0,3,1.0,20,2.0,House,Medium,Semi-Furnished,No,No,No,12905793
4669,7,5.0,2,3.0,48,2.4,Townhouse,Medium,Unfurnished,Yes,No,No,40675444
3502,5,2.0,1,3.0,39,29.4,House,Medium,Unfurnished,Yes,Yes,No,28543270
3716,7,,1,2.0,54,9.2,Apartment,High,Unfurnished,Yes,No,No,32218179
4958,7,2.0,3,1.0,34,26.6,Apartment,High,Furnished,Yes,Yes,Yes,43852284
3767,5,5.0,1,0.0,29,30.2,Townhouse,Low,Semi-Furnished,Yes,Yes,Yes,32747348
4261,3,3.0,2,3.0,10,3.3,Townhouse,Medium,Semi-Furnished,Yes,Yes,No,36929812
970,1,,1,3.0,21,31.0,Apartment,Medium,Semi-Furnished,Yes,Yes,Yes,9838811
5599,1,2.0,1,1.0,47,11.5,House,Low,,No,No,No,41855142
3165,3,5.0,2,2.0,21,16.2,Apartment,High,Furnished,Yes,Yes,No,32048046
1389,6,1.0,1,3.0,2,4.4,House,Medium,Furnished,No,Yes,Yes,18470087
5370,4,3.0,2,2.0,13,33.7,Apartment,Medium,Furnished,Yes,No,Yes,44935042
4894,4,2.0,3,0.0,32,22.9,Villa,High,Furnished,Yes,No,No,42765413
770,2,3.0,1,2.0,34,20.7,Townhouse,High,Unfurnished,Yes,Yes,No,8926439
1617,4,2.0,1,3.0,54,38.8,Apartment,High,Unfurnished,No,No,No,11222116
545,5,4.0,1,3.0,51,14.0,House,Low,Semi-Furnished,Yes,Yes,No,7095445
2088,7,2.0,3,1.0,29,35.7,Apartment,Premium,Semi-Furnished,Yes,No,Yes,22803508
1054,6,1.0,2,2.0,30,29.1,Apartment,Medium,Unfurnished,No,Yes,No,8597913
4744,5,1.0,2,1.0,44,37.2,Apartment,,Semi-Furnished,Yes,No,Yes,34510060
3611,7,4.0,1,2.0,2,36.4,Apartment,Low,Unfurnished,Yes,Yes,Yes,30736777
6380,3,2.0,3,0.0,32,,Townhouse,High,Unfurnished,Yes,No,No,50711046
4984,7,2.0,1,1.0,26,6.1,Apartment,Medium,Unfurnished,Yes,Yes,Yes,42466368
4149,3,4.0,3,1.0,43,32.0,Villa,High,Furnished,Yes,No,Yes,37827759
3531,1,2.0,1,1.0,44,32.4,Apartment,High,Semi-Furnished,Yes,No,No,27303769
779,3,2.0,3,1.0,36,26.1,House,High,Semi-Furnished,Yes,No,No,7965613
874,1,2.0,1,0.0,36,11.9,House,High,Furnished,No,No,Yes,8168241
4178,1,2.0,1,2.0,38,38.6,Townhouse,Premium,Furnished,Yes,Yes,Yes,35802220
476,7,4.0,2,1.0,31,9.0,Apartment,Medium,Semi-Furnished,Yes,No,No,8478480
706,6,3.0,1,3.0,12,20.5,Apartment,Medium,Furnished,Yes,No,Yes,10569540
1775,2,5.0,1,0.0,15,21.3,House,High,Unfurnished,Yes,Yes,Yes,18072113
5799,6,4.0,2,2.0,40,,House,Medium,Semi-Furnished,Yes,No,Yes,50843354
3226,1,1.0,1,0.0,34,,House,Medium,Unfurnished,No,No,No,22722747
4742,2,2.0,2,2.0,13,4.5,Apartment,High,Semi-Furnished,Yes,No,No,41425813
2939,5,,3,1.0,48,28.0,Apartment,Medium,Semi-Furnished,No,No,Yes,23328049
1497,3,3.0,1,1.0,53,34.1,Villa,High,Unfurnished,Yes,Yes,No,13433028
2695,6,,2,2.0,34,14.6,House,Medium,Semi-Furnished,Yes,No,No,24369591
1004,7,5.0,1,3.0,12,28.7,House,High,Semi-Furnished,Yes,No,No,15576608
5110,1,2.0,2,1.0,51,7.1,Apartment,Low,Semi-Furnished,Yes,No,No,39465779
1560,1,3.0,1,3.0,13,34.0,Apartment,Medium,Unfurnished,Yes,Yes,Yes,14339137
2727,7,1.0,1,0.0,23,38.1,Townhouse,High,Unfurnished,Yes,No,No,23491517
6379,4,5.0,1,1.0,47,7.0,House,Medium,Unfurnished,Yes,Yes,Yes,51767721
4031,4,5.0,3,1.0,28,28.0,Apartment,Medium,Furnished,No,No,No,33596159
3224,4,4.0,1,3.0,13,20.7,Townhouse,Medium,Furnished,Yes,No,Yes,30028983
3735,4,2.0,3,0.0,4,21.7,House,,Unfurnished,Yes,Yes,No,33550451
5193,5,1.0,3,1.0,19,28.6,Apartment,Medium,Semi-Furnished,No,No,No,41479142
1989,5,4.0,2,1.0,36,,House,Low,Semi-Furnished,Yes,No,Yes,17819424
4300,2,3.0,1,3.0,39,24.4,House,High,Furnished,Yes,No,Yes,36982620
5729,5,5.0,3,1.0,12,10.0,House,Medium,Unfurnished,Yes,Yes,No,50700058
3913,5,4.0,3,3.0,8,15.8,House,Medium,Semi-Furnished,Yes,No,No,37012512
3151,1,3.0,1,2.0,38,34.7,House,Medium,Semi-Furnished,Yes,No,No,22337044
1328,3,5.0,3,2.0,8,5.3,Apartment,Low,Unfurnished,Yes,No,Yes,13834640
1952,6,5.0,3,3.0,3,24.3,Townhouse,Low,Unfurnished,Yes,Yes,No,21505034
6173,5,3.0,1,0.0,26,8.2,House,Premium,Unfurnished,No,No,Yes,52045525
3724,1,1.0,1,1.0,31,34.0,House,High,Semi-Furnished,Yes,No,No,28953115
2273,1,1.0,3,2.0,13,23.6,House,Low,Semi-Furnished,No,No,Yes,19479787
2981,5,,1,0.0,11,16.7,House,High,Semi-Furnished,Yes,No,No,29449572
3947,4,3.0,2,0.0,12,10.7,House,Medium,Unfurnished,Yes,No,No,33586389
3702,7,1.0,1,,18,18.0,House,Low,Furnished,Yes,Yes,Yes,32854263
4683,4,1.0,3,3.0,0,38.3,Townhouse,High,Semi-Furnished,No,No,No,40308659
2007,7,4.0,1,2.0,0,20.9,Villa,Medium,Furnished,No,No,Yes,23529552
4377,2,4.0,1,1.0,20,19.3,Villa,Medium,Unfurnished,Yes,No,No,38815513
3128,4,1.0,1,2.0,1,30.1,Apartment,High,Furnished,Yes,No,No,27808208
6140,1,3.0,1,2.0,17,15.8,House,Medium,Furnished,Yes,No,Yes,50514098
1405,5,1.0,2,3.0,31,,House,Medium,Furnished,Yes,No,Yes,15061743
1348,2,4.0,1,3.0,1,14.1,Apartment,Medium,Furnished,Yes,No,No,15157899
3243,4,5.0,3,,33,6.9,Villa,High,Semi-Furnished,Yes,Yes,No,35557367
3525,3,5.0,2,0.0,34,28.8,Apartment,High,Semi-Furnished,Yes,No,No,29391586
4629,2,3.0,1,3.0,31,35.0,Apartment,High,Semi-Furnished,No,No,Yes,37267781
2894,1,4.0,3,1.0,34,36.3,Apartment,Medium,Semi-Furnished,Yes,Yes,No,22109062
5977,4,5.0,2,1.0,44,35.4,Apartment,High,Furnished,No,No,No,47040141
3318,7,4.0,3,2.0,3,,Apartment,Medium,Unfurnished,Yes,No,No,30928180
1232,2,3.0,1,2.0,9,12.1,House,Medium,Semi-Furnished,No,No,Yes,13108609
1171,3,4.0,3,1.0,17,25.9,House,Low,Furnished,Yes,Yes,Yes,14655622
6339,2,3.0,2,3.0,37,38.2,Apartment,High,Unfurnished,Yes,No,Yes,50186409
1261,6,5.0,3,0.0,48,29.4,Apartment,Medium,Unfurnished,Yes,No,No,10295997
6184,3,3.0,2,0.0,50,20.3,Villa,Medium,Unfurnished,Yes,No,No,49812302
2132,7,5.0,3,0.0,32,27.9,Apartment,Medium,Semi-Furnished,Yes,No,No,18905970
1015,2,1.0,2,3.0,22,31.1,House,Low,Furnished,No,No,Yes,7581618
2293,1,1.0,1,1.0,22,36.9,House,Premium,Unfurnished,Yes,No,No,19179797
4168,5,1.0,1,1.0,3,30.8,House,High,Semi-Furnished,No,Yes,Yes,36619515
3038,5,3.0,3,2.0,25,17.9,Townhouse,Medium,Semi-Furnished,Yes,Yes,No,28887568
5202,7,4.0,3,1.0,28,11.7,House,High,Semi-Furnished,Yes,No,Yes,47762232
4146,7,2.0,2,2.0,11,20.5,Townhouse,Medium,Semi-Furnished,No,No,No,37017007
2874,7,1.0,3,0.0,42,13.8,Townhouse,High,Furnished,Yes,No,No,26134350
4289,5,5.0,1,0.0,44,37.8,Apartment,Low,Unfurnished,Yes,No,Yes,32208371
6327,3,4.0,1,3.0,16,20.8,Apartment,Medium,Unfurnished,Yes,No,Yes,53097130
2941,4,4.0,2,1.0,50,19.4,Apartment,Medium,Semi-Furnished,Yes,No,No,22010628
1378,1,3.0,2,0.0,5,14.6,House,Medium,Semi-Furnished,No,Yes,Yes,14699041
2923,4,3.0,3,1.0,50,25.9,House,Medium,Semi-Furnished,No,No,Yes,23039955
5532,3,1.0,3,1.0,42,21.3,Apartment,Low,Unfurnished,Yes,No,No,40659841
1766,1,1.0,1,1.0,12,6.0,Apartment,Premium,Unfurnished,Yes,Yes,No,18626597
6192,2,5.0,3,1.0,35,34.9,House,Low,Furnished,Yes,No,Yes,50215640
4009,4,2.0,2,2.0,17,15.0,House,Low,Unfurnished,Yes,Yes,Yes,34859369
4089,3,4.0,3,0.0,43,17.9,House,,Semi-Furnished,Yes,Yes,No,33114844
2368,7,4.0,1,1.0,8,9.0,Townhouse,Medium,Semi-Furnished,No,No,No,23966454
6018,4,2.0,1,1.0,13,22.6,Apartment,Low,Unfurnished,Yes,No,Yes,47283695
668,7,2.0,1,2.0,16,28.4,House,Medium,Unfurnished,Yes,No,No,8702243
2256,5,4.0,3,3.0,10,35.4,Townhouse,High,Semi-Furnished,Yes,Yes,Yes,27062261
2981,1,1.0,1,3.0,18,3.0,House,Low,Semi-Furnished,No,No,Yes,26237116
3337,2,3.0,3,1.0,33,39.0,House,Premium,Unfurnished,Yes,Yes,No,28628950
3318,5,5.0,3,2.0,34,28.4,House,Medium,Semi-Furnished,Yes,No,No,29076339
1344,4,4.0,1,0.0,30,12.1,Apartment,,Unfurnished,Yes,Yes,No,14767779
1814,3,4.0,3,2.0,10,9.0,Townhouse,Low,Unfurnished,Yes,No,No,18413948
1026,4,1.0,1,0.0,11,12.5,House,High,Unfurnished,Yes,Yes,No,12971332
3913,7,1.0,1,0.0,50,35.2,House,High,,Yes,No,Yes,29100561
2572,3,2.0,2,2.0,13,12.4,House,Low,Semi-Furnished,Yes,No,Yes,24191035
3872,1,2.0,1,0.0,5,19.1,House,Low,Furnished,Yes,Yes,No,31873951
4017,3,1.0,1,1.0,24,28.5,Apartment,Medium,Unfurnished,Yes,No,Yes,30514965
4697,7,5.0,1,0.0,0,35.0,Villa,Low,Semi-Furnished,Yes,No,No,43381351
3759,6,1.0,2,2.0,18,26.7,House,Premium,Semi-Furnished,Yes,Yes,Yes,35280535
4370,6,4.0,1,3.0,47,30.4,Apartment,Medium,Semi-Furnished,Yes,Yes,No,35585447
4002,7,3.0,1,2.0,14,7.8,House,Medium,Semi-Furnished,Yes,No,No,37230729
4397,1,4.0,2,3.0,38,35.2,Townhouse,Premium,Unfurnished,Yes,No,No,37870503
4180,2,2.0,2,1.0,26,11.8,House,High,Semi-Furnished,Yes,No,No,34482227
2363,1,2.0,3,0.0,19,6.0,House,High,Unfurnished,Yes,No,Yes,24316157
1940,1,4.0,1,0.0,36,39.1,House,Medium,Semi-Furnished,Yes,No,No,14177281
5213,6,2.0,2,0.0,32,8.9,Villa,Medium,Unfurnished,Yes,No,No,44484513
2523,7,4.0,3,0.0,17,6.3,House,Medium,Semi-Furnished,No,No,Yes,25962865
3772,2,1.0,2,,12,25.4,Villa,Medium,,Yes,No,No,32106268
1641,6,,1,0.0,50,,Apartment,Medium,,Yes,Yes,No,12467438
3060,4,4.0,2,2.0,9,6.2,Townhouse,Low,Unfurnished,No,No,No,28417456
3654,1,4.0,2,0.0,52,24.4,Townhouse,Medium,Semi-Furnished,Yes,No,No,27880890
4237,7,1.0,1,2.0,25,30.6,House,Medium,Semi-Furnished,Yes,Yes,Yes,36387999
3634,7,5.0,2,1.0,54,31.9,House,Medium,Semi-Furnished,Yes,Yes,No,31235736
2631,4,1.0,1,2.0,19,7.1,Apartment,Low,Unfurnished,Yes,No,No,23016202
6268,5,5.0,2,2.0,31,22.7,House,Medium,Unfurnished,Yes,Yes,No,51947830
3552,3,4.0,3,3.0,33,32.7,Apartment,Medium,Unfurnished,Yes,No,Yes,28259775
5340,6,5.0,2,1.0,18,7.3,Apartment,High,Semi-Furnished,Yes,No,Yes,47371732
4907,4,,3,1.0,11,9.1,Townhouse,High,Semi-Furnished,No,No,No,47190709
3827,7,2.0,1,2.0,28,1.1,Apartment,Medium,Semi-Furnished,Yes,No,Yes,34890597
5812,1,4.0,3,2.0,36,21.5,House,Low,Semi-Furnished,Yes,No,No,45323522
1226,2,2.0,3,1.0,14,,Apartment,Medium,Semi-Furnished,No,No,No,13526440
6022,7,3.0,3,2.0,42,29.2,House,Low,Semi-Furnished,Yes,Yes,Yes,50709746
5593,3,2.0,3,1.0,35,38.5,House,Medium,Semi-Furnished,No,No,Yes,41893150
3496,3,3.0,2,1.0,9,9.1,Apartment,Premium,Semi-Furnished,Yes,No,No,33388973
4887,6,5.0,2,1.0,51,26.3,House,Medium,Unfurnished,Yes,No,Yes,40181608
3597,2,3.0,3,3.0,2,9.3,Townhouse,Medium,Furnished,Yes,No,Yes,33886623
2076,4,1.0,3,2.0,35,,House,High,Furnished,Yes,Yes,Yes,23059178
5289,3,2.0,2,0.0,24,30.6,Townhouse,Medium,,Yes,Yes,Yes,43682166
1937,2,4.0,1,3.0,35,17.9,House,Low,Furnished,Yes,Yes,No,16904765
2352,7,3.0,1,2.0,42,37.9,House,Low,Furnished,Yes,Yes,Yes,20994400
3591,2,3.0,1,0.0,37,21.8,Apartment,Premium,Semi-Furnished,Yes,No,No,31948248
5516,1,3.0,1,2.0,35,7.1,Apartment,Low,Semi-Furnished,No,No,No,42937298
2772,5,2.0,1,2.0,46,18.5,Villa,Medium,Semi-Furnished,No,No,No,24469645
3439,7,3.0,1,3.0,38,8.9,House,High,Unfurnished,Yes,Yes,Yes,32763608
702,1,4.0,3,1.0,44,35.2,House,Medium,Unfurnished,No,No,No,5540958
1150,5,5.0,1,2.0,22,27.9,Villa,High,Semi-Furnished,Yes,No,No,15376272
788,4,4.0,2,1.0,11,14.3,Apartment,Low,Furnished,Yes,No,Yes,11206813
885,6,5.0,2,1.0,12,21.6,Villa,Medium,Unfurnished,Yes,No,No,14072964
5704,1,5.0,1,2.0,33,27.1,Apartment,Medium,Furnished,Yes,No,No,46112950
5544,7,1.0,3,3.0,29,31.5,Townhouse,Premium,Semi-Furnished,Yes,No,No,48119426
5422,5,2.0,3,3.0,4,4.1,Apartment,Medium,Semi-Furnished,No,No,Yes,46911738
786,6,2.0,3,3.0,11,1.9,Apartment,Low,Unfurnished,Yes,No,No,9593422
919,3,1.0,3,2.0,53,5.5,House,Premium,Semi-Furnished,Yes,Yes,No,13509456
2147,7,1.0,2,2.0,39,16.4,Apartment,Low,Unfurnished,Yes,Yes,No,17419766
3870,5,4.0,3,1.0,41,19.2,Townhouse,High,Unfurnished,Yes,No,Yes,34290133
2471,1,2.0,1,3.0,10,6.3,House,High,Unfurnished,Yes,Yes,Yes,24580965
3399,7,1.0,3,1.0,3,17.0,Apartment,Medium,Unfurnished,No,Yes,No,30274795
1496,6,2.0,3,1.0,16,18.2,Apartment,High,Unfurnished,Yes,No,Yes,15715936
4871,3,2.0,1,3.0,47,5.3,Townhouse,High,Semi-Furnished,Yes,Yes,Yes,41919351
2349,4,1.0,2,2.0,27,36.7,House,Low,Semi-Furnished,No,Yes,Yes,19628625
852,3,1.0,2,1.0,43,24.4,Townhouse,Premium,Unfurnished,Yes,No,No,9841691
4943,4,4.0,1,3.0,26,16.2,Apartment,Premium,Furnished,No,No,No,45485701
5911,7,5.0,3,3.0,26,20.8,Townhouse,High,Semi-Furnished,No,No,Yes,52902180
538,7,3.0,1,1.0,33,13.3,House,Medium,,Yes,No,No,8818287
3091,2,4.0,1,2.0,52,34.3,House,Medium,Semi-Furnished,Yes,Yes,No,24269769
5454,7,5.0,1,1.0,24,23.4,House,Medium,Unfurnished,No,No,No,46597958
4722,4,5.0,3,2.0,32,20.3,Apartment,Low,Furnished,No,No,No,40089986
5632,5,1.0,1,3.0,50,36.5,Townhouse,Medium,Furnished,Yes,Yes,No,44963613
2962,6,5.0,2,2.0,20,33.7,Townhouse,Medium,Semi-Furnished,Yes,Yes,No,27243763
2702,4,1.0,3,3.0,46,32.7,House,High,Semi-Furnished,No,No,Yes,21958553
4740,4,1.0,1,2.0,29,9.8,Townhouse,Medium,Semi-Furnished,Yes,Yes,Yes,41239712
1379,4,3.0,3,3.0,48,7.0,Apartment,Medium,Semi-Furnished,Yes,No,No,14718484
1898,7,4.0,1,1.0,25,27.9,Apartment,Medium,Semi-Furnished,Yes,No,No,18370837
4085,3,1.0,3,1.0,34,19.3,Apartment,Medium,Semi-Furnished,Yes,No,No,31736244
4494,2,2.0,1,1.0,17,27.7,House,,Unfurnished,No,Yes,No,39403928
1174,3,2.0,1,3.0,34,30.7,Apartment,High,Unfurnished,Yes,No,Yes,11448749
3525,2,2.0,3,2.0,17,12.5,House,Low,Unfurnished,Yes,No,Yes,30272549
2657,3,,3,0.0,33,12.1,Apartment,Low,Unfurnished,Yes,No,Yes,23360836
3485,1,2.0,3,,43,20.1,House,High,Semi-Furnished,No,Yes,Yes,29588876
6248,1,2.0,3,2.0,23,,Villa,Medium,Furnished,Yes,No,No,52568013
913,6,1.0,2,3.0,23,27.0,House,High,Unfurnished,Yes,No,Yes,10950353
6472,1,1.0,1,1.0,17,30.1,Apartment,Low,Unfurnished,No,Yes,No,46902359
3169,4,1.0,1,2.0,40,19.4,Villa,,Unfurnished,Yes,Yes,No,25382087
5121,6,3.0,2,3.0,32,29.2,Apartment,Medium,Semi-Furnished,Yes,No,No,41330174
3018,6,3.0,2,2.0,28,20.9,Villa,High,Semi-Furnished,Yes,No,No,30448784
2331,4,3.0,2,3.0,1,28.8,House,Premium,Semi-Furnished,No,No,Yes,26673368
5112,2,5.0,1,2.0,6,9.8,House,High,Furnished,Yes,No,Yes,48612846
4610,7,3.0,2,2.0,0,29.8,Apartment,Medium,Furnished,Yes,No,No,41126865
1321,6,1.0,1,3.0,46,28.9,Villa,High,Furnished,Yes,Yes,No,17068719
4717,5,2.0,1,2.0,46,11.4,Townhouse,Low,Furnished,Yes,No,No,37862827
5006,1,,1,0.0,3,22.7,House,Medium,Semi-Furnished,Yes,Yes,Yes,40314337
2796,1,5.0,2,1.0,2,34.4,Townhouse,Premium,Semi-Furnished,Yes,No,No,29215269
6050,3,2.0,2,0.0,42,10.7,Townhouse,Medium,Unfurnished,Yes,Yes,No,49543420
4327,2,1.0,1,2.0,28,29.7,Apartment,Premium,Furnished,Yes,No,No,37718093
2468,7,4.0,2,0.0,16,38.2,House,Medium,Unfurnished,Yes,No,Yes,22922297
514,2,3.0,1,2.0,33,,Apartment,Low,Unfurnished,Yes,No,Yes,1367366
4533,2,1.0,1,1.0,13,16.7,House,Medium,Unfurnished,Yes,No,No,36407349
1714,7,4.0,1,0.0,10,24.7,Apartment,High,Semi-Furnished,Yes,No,No,18889797
5026,6,2.0,2,0.0,20,39.7,Townhouse,Medium,Semi-Furnished,No,No,No,40732968
3626,2,5.0,3,2.0,49,23.2,House,High,Unfurnished,No,Yes,Yes,33272266
3273,3,5.0,1,,42,5.5,Apartment,Low,Semi-Furnished,Yes,No,No,27816970
1440,4,2.0,1,3.0,10,2.8,House,High,Semi-Furnished,Yes,No,Yes,18169449
4754,5,3.0,1,3.0,30,31.8,House,Medium,Furnished,Yes,No,Yes,38983194
1453,7,3.0,2,2.0,48,17.5,House,Low,Unfurnished,Yes,Yes,No,14364865
2977,7,4.0,3,0.0,52,10.6,Townhouse,High,Unfurnished,Yes,No,No,27351026
5509,7,1.0,1,3.0,41,14.6,Apartment,High,Semi-Furnished,No,No,No,46277023
6018,1,2.0,2,2.0,7,30.5,House,Medium,Semi-Furnished,No,No,No,45731197
6434,2,1.0,3,1.0,13,19.1,House,Medium,Furnished,No,No,Yes,52898098
6245,4,4.0,3,0.0,12,34.9,House,Low,Semi-Furnished,No,No,Yes,50630081
3813,1,1.0,2,2.0,8,29.7,House,Premium,Furnished,Yes,No,No,34325210
1662,3,3.0,3,3.0,9,39.0,Apartment,High,Unfurnished,Yes,No,Yes,15615595
5526,2,4.0,3,0.0,17,35.7,Apartment,High,Semi-Furnished,No,Yes,No,43066501
5299,7,5.0,3,0.0,30,10.9,House,High,Furnished,Yes,No,No,47928614
6441,1,2.0,1,1.0,21,26.7,Townhouse,High,Unfurnished,Yes,No,Yes,51470605
4388,2,1.0,1,2.0,23,1.8,Apartment,Low,Furnished,Yes,No,No,36542363
1306,2,4.0,1,1.0,13,39.7,Apartment,Medium,Unfurnished,Yes,Yes,No,10093530
3492,2,1.0,3,1.0,8,11.2,House,High,Semi-Furnished,No,Yes,Yes,33046694
3161,4,1.0,2,1.0,54,26.9,Townhouse,,Unfurnished,Yes,No,No,21617084
5549,3,5.0,1,0.0,32,34.1,House,Low,Semi-Furnished,No,Yes,Yes,44531123
2825,7,5.0,2,0.0,12,7.3,Apartment,Medium,Furnished,No,No,No,25878570
2437,2,,1,0.0,44,34.1,House,High,Unfurnished,No,No,No,20919467
934,4,5.0,3,2.0,45,1.5,House,High,Unfurnished,Yes,No,Yes,14228939
5504,5,1.0,2,3.0,53,18.2,House,Low,Unfurnished,No,Yes,No,39760349
5019,5,1.0,3,,8,19.4,Apartment,Premium,,Yes,No,No,43499425
699,6,2.0,1,0.0,35,15.6,Apartment,Low,Semi-Furnished,Yes,No,No,5522304
3074,2,1.0,2,1.0,53,23.9,Apartment,Medium,Furnished,No,No,No,21305664
3352,4,5.0,1,3.0,44,36.7,House,Premium,Unfurnished,Yes,No,No,29952523
3289,6,1.0,3,,12,13.8,House,High,Semi-Furnished,Yes,Yes,No,30825045
6009,7,3.0,2,,49,23.6,Apartment,,Semi-Furnished,No,No,No,49563629
1361,5,5.0,2,2.0,23,35.2,House,High,Unfurnished,Yes,Yes,No,14610785
2303,5,4.0,2,1.0,26,31.1,Villa,High,Unfurnished,No,No,Yes,24725910
1544,7,2.0,1,1.0,30,2.6,Apartment,Medium,Semi-Furnished,Yes,Yes,Yes,18138422
1926,5,3.0,3,1.0,42,37.8,House,Medium,Semi-Furnished,No,Yes,No,15773484
5937,7,3.0,2,1.0,6,2.8,House,Premium,Furnished,Yes,No,Yes,57127327
6141,1,4.0,3,2.0,29,24.0,House,High,Semi-Furnished,Yes,No,Yes,50629902
720,3,3.0,1,2.0,44,23.4,Townhouse,Medium,Semi-Furnished,No,No,Yes,7504919
4274,1,2.0,1,0.0,30,31.7,Townhouse,Medium,Furnished,No,No,Yes,33517867
1858,1,4.0,3,0.0,15,6.8,Apartment,Medium,Furnished,Yes,No,No,18257341
1614,4,5.0,1,1.0,3,8.0,Apartment,Medium,Furnished,Yes,Yes,No,19506867
2216,2,3.0,1,3.0,30,30.3,Apartment,High,Unfurnished,Yes,No,Yes,19460938
1626,3,1.0,3,0.0,38,6.8,Apartment,Low,Furnished,Yes,No,No,12656875
3415,4,3.0,1,0.0,30,19.3,House,Medium,Furnished,No,No,Yes,30374243
6473,5,,1,2.0,53,29.5,Townhouse,Premium,Furnished,Yes,No,Yes,56229418
3997,7,5.0,2,1.0,33,26.4,Townhouse,Medium,Semi-Furnished,Yes,No,No,36511214
4825,6,,1,0.0,27,9.2,Apartment,,Furnished,Yes,No,No,41010379
3434,3,1.0,1,0.0,3,12.9,House,Medium,Semi-Furnished,No,Yes,Yes,32070740
534,3,3.0,1,2.0,30,38.8,Apartment,Low,Semi-Furnished,Yes,No,No,4240142
958,6,5.0,1,2.0,9,18.5,House,Medium,Semi-Furnished,Yes,No,Yes,14439771
2076,1,5.0,1,2.0,39,2.7,Apartment,,Semi-Furnished,Yes,No,Yes,18322304
1924,4,1.0,3,1.0,8,,Townhouse,Low,Semi-Furnished,Yes,No,No,18062989
5535,3,,1,,49,14.4,Villa,Low,Unfurnished,Yes,No,No,44749731
5553,2,,1,3.0,16,40.0,Apartment,Medium,Unfurnished,Yes,No,No,42319613
5617,5,1.0,1,1.0,23,12.8,House,Low,Semi-Furnished,Yes,No,Yes,45217076
4307,3,5.0,2,1.0,7,2.0,House,Premium,Semi-Furnished,Yes,Yes,No,44448954
3814,2,1.0,3,0.0,11,21.0,Villa,Low,Semi-Furnished,No,No,No,32184294
4377,5,4.0,2,2.0,50,4.3,House,Medium,Furnished,Yes,No,No,38981809
2911,2,5.0,1,0.0,15,11.7,Apartment,High,Furnished,Yes,Yes,No,27544177
4504,5,4.0,1,0.0,28,39.7,House,Low,Semi-Furnished,Yes,Yes,No,36582425
5256,2,4.0,2,2.0,53,28.5,Apartment,Medium,Unfurnished,Yes,No,No,39792996
5065,4,2.0,1,0.0,34,3.0,House,High,Semi-Furnished,Yes,Yes,Yes,45658813
4163,6,5.0,3,,2,18.5,Apartment,Medium,,Yes,Yes,No,40366987
801,2,3.0,3,1.0,19,7.7,House,Medium,Semi-Furnished,Yes,No,Yes,11181642
4835,6,1.0,2,1.0,21,5.8,Villa,High,Furnished,Yes,No,Yes,46024163
2667,6,2.0,3,2.0,15,23.9,Apartment,High,Furnished,Yes,No,Yes,28103428
4949,7,2.0,1,2.0,13,20.7,House,Medium,Unfurnished,Yes,No,Yes,42028388
3714,2,3.0,1,1.0,27,30.0,House,Low,Semi-Furnished,Yes,Yes,No,29965990
5781,6,2.0,3,3.0,20,35.8,Apartment,,Semi-Furnished,Yes,No,No,45051352
2497,7,3.0,3,3.0,16,,House,,Semi-Furnished,Yes,No,No,25422505
6084,6,3.0,1,0.0,22,37.0,House,Medium,Unfurnished,Yes,No,No,46564795
5559,2,2.0,2,2.0,18,,House,Low,Unfurnished,Yes,No,No,43953729
2453,6,4.0,1,1.0,12,11.1,Villa,Medium,Unfurnished,Yes,Yes,No,27365319
3369,1,2.0,2,3.0,24,34.0,House,Premium,Semi-Furnished,Yes,No,No,30334692
3664,5,4.0,3,1.0,51,2.4,House,Low,Unfurnished,Yes,No,Yes,33007755
5100,4,2.0,3,1.0,27,22.8,Apartment,Low,Semi-Furnished,Yes,No,No,40112134
4619,4,5.0,2,2.0,32,29.1,Apartment,Medium,Semi-Furnished,No,Yes,No,37028189
5604,4,2.0,3,,54,11.9,Apartment,High,Semi-Furnished,Yes,Yes,No,46876772
2687,1,1.0,2,0.0,33,34.7,Townhouse,Medium,Furnished,Yes,No,No,20341347
3503,4,1.0,3,2.0,12,10.4,Townhouse,High,Semi-Furnished,Yes,No,No,32322798
3056,7,5.0,1,1.0,21,33.8,Villa,Low,Unfurnished,Yes,No,No,28597867
5952,4,5.0,2,2.0,26,4.1,Apartment,Medium,Furnished,No,No,No,50625133
2295,2,2.0,2,2.0,26,7.2,House,,Furnished,Yes,No,No,20871500
4002,7,4.0,2,3.0,8,15.9,Villa,Medium,Semi-Furnished,Yes,No,Yes,40008621
1177,1,3.0,1,3.0,5,34.3,House,Medium,Semi-Furnished,Yes,Yes,No,13118910
5594,4,1.0,1,2.0,19,6.6,Apartment,High,Unfurnished,Yes,No,No,47562199
2774,4,3.0,3,2.0,50,35.1,Townhouse,Medium,Semi-Furnished,No,No,Yes,22737230
2510,4,4.0,1,3.0,39,10.0,Apartment,,Unfurnished,Yes,Yes,Yes,24769540
3976,7,5.0,2,0.0,46,18.6,Apartment,Low,Semi-Furnished,Yes,No,Yes,32118859
3467,3,5.0,2,2.0,9,14.8,Townhouse,Medium,Unfurnished,Yes,Yes,No,34092629
5580,7,1.0,2,3.0,22,5.6,House,Medium,Semi-Furnished,Yes,No,No,48624708
3665,1,2.0,1,0.0,31,37.8,House,Medium,Unfurnished,Yes,Yes,No,27617756
3577,6,3.0,1,3.0,23,18.1,House,Low,Unfurnished,Yes,No,Yes,29212442
1085,5,1.0,1,2.0,22,27.9,Townhouse,Premium,Unfurnished,Yes,Yes,No,14088330
582,2,3.0,1,1.0,19,23.4,Apartment,High,Semi-Furnished,Yes,Yes,Yes,8597784
2861,2,1.0,1,,2,20.6,Villa,High,Unfurnished,Yes,No,No,27897134
6489,6,1.0,1,1.0,47,25.0,Apartment,High,Semi-Furnished,Yes,No,No,50181472
5999,5,1.0,1,3.0,51,36.0,Apartment,Low,,Yes,No,No,42841861
4255,5,2.0,3,3.0,4,28.3,House,Medium,Semi-Furnished,Yes,No,No,37298972
4266,1,4.0,2,3.0,22,21.8,House,,Unfurnished,Yes,Yes,No,35140379
2818,5,1.0,1,2.0,28,26.2,Apartment,High,Furnished,Yes,No,Yes,24545162
1523,7,5.0,2,0.0,43,24.6,House,Medium,Unfurnished,Yes,Yes,No,15505794
501,1,2.0,1,3.0,54,17.9,House,Medium,Unfurnished,Yes,No,No,4723737
2500,4,1.0,2,0.0,22,25.4,House,High,Unfurnished,Yes,No,Yes,23040623
2364,4,2.0,1,0.0,41,18.3,House,Low,Unfurnished,Yes,Yes,Yes,20433764
1609,7,4.0,1,0.0,51,,Villa,High,Semi-Furnished,Yes,No,Yes,18355885
2017,2,1.0,1,3.0,45,,House,Medium,Unfurnished,No,No,Yes,15108770
600,4,,2,1.0,15,38.4,House,High,Furnished,Yes,No,No,6074936
4128,6,5.0,2,0.0,44,33.0,House,High,Semi-Furnished,Yes,No,Yes,37879815
6061,1,3.0,2,0.0,22,24.5,House,Medium,Unfurnished,Yes,No,No,49138683
4629,6,2.0,2,1.0,0,30.2,Apartment,Medium,Semi-Furnished,Yes,No,Yes,39462355
3161,6,4.0,3,2.0,41,7.9,Apartment,Low,Unfurnished,No,No,Yes,28280136
2992,6,5.0,3,3.0,45,19.7,Apartment,Low,Unfurnished,Yes,Yes,No,25973500
2310,5,2.0,2,2.0,18,11.0,House,Low,Unfurnished,Yes,No,No,20756388
1311,6,3.0,2,2.0,24,1.1,Townhouse,Medium,Unfurnished,Yes,No,Yes,16091317
4070,6,1.0,2,3.0,20,38.7,House,Medium,Unfurnished,Yes,No,Yes,33091389
3877,7,2.0,1,3.0,6,34.7,House,Medium,Furnished,No,No,No,33867040
494,3,3.0,2,1.0,54,21.0,House,Medium,Semi-Furnished,Yes,Yes,Yes,6559295
2963,4,1.0,1,3.0,1,10.9,House,Premium,Furnished,Yes,No,No,33089243
2132,5,5.0,3,2.0,30,28.0,House,Low,Unfurnished,Yes,No,No,19323447
1480,2,5.0,2,3.0,0,,House,Medium,,Yes,No,No,16418054
4703,6,2.0,3,0.0,37,32.3,House,Medium,,Yes,No,No,38750180
3631,6,2.0,3,0.0,49,40.0,Apartment,Low,Unfurnished,Yes,No,No,24448741
4284,5,1.0,2,3.0,35,14.6,House,Premium,Furnished,Yes,No,Yes,39857948
4766,3,3.0,3,2.0,33,10.5,House,Low,Unfurnished,No,No,No,38682669
6389,3,1.0,2,0.0,45,11.4,Villa,High,Semi-Furnished,Yes,No,Yes,54388858
5306,4,2.0,1,3.0,53,,Townhouse,Medium,Furnished,No,No,Yes,42891706
4203,5,3.0,1,0.0,47,16.4,Villa,High,,Yes,No,No,36848975
5768,6,4.0,1,2.0,12,1.7,House,,Semi-Furnished,Yes,No,Yes,51808596
3338,5,3.0,3,0.0,30,5.5,Apartment,High,Unfurnished,Yes,No,Yes,31535842
6407,7,2.0,2,0.0,45,11.6,House,Medium,Unfurnished,No,No,No,51846242
5056,7,4.0,1,3.0,16,7.2,Villa,Medium,Furnished,Yes,No,No,46889946
4387,5,4.0,2,3.0,37,29.6,Townhouse,High,Unfurnished,Yes,No,No,38571294
5915,3,4.0,1,0.0,1,5.1,Villa,Medium,Unfurnished,No,No,No,52685201
3566,5,3.0,3,0.0,48,34.8,Apartment,Medium,Unfurnished,No,No,No,25466436
4810,3,,3,2.0,33,9.6,House,Medium,Furnished,Yes,No,No,40443679
2172,5,2.0,1,0.0,40,5.2,Townhouse,Medium,Semi-Furnished,Yes,No,Yes,19559070
6277,6,5.0,3,2.0,45,1.4,House,Medium,Semi-Furnished,Yes,No,Yes,54156468
4221,3,2.0,2,3.0,12,28.9,House,Low,Furnished,No,No,Yes,36527604
5181,4,2.0,1,3.0,24,11.0,House,Medium,Unfurnished,Yes,No,Yes,43376128
3237,1,3.0,3,0.0,47,20.9,House,Low,Furnished,Yes,No,No,24345555
5694,6,3.0,1,0.0,9,5.4,Apartment,Medium,Unfurnished,Yes,No,No,47746464
898,4,4.0,1,2.0,45,39.4,Apartment,High,Semi-Furnished,Yes,No,Yes,7715987
1140,4,2.0,1,0.0,15,5.9,Villa,,Unfurnished,Yes,Yes,No,15416406
3518,4,5.0,2,2.0,31,17.1,Townhouse,High,Furnished,Yes,Yes,No,33430402
4881,2,2.0,2,1.0,28,34.2,Villa,Low,Furnished,Yes,No,Yes,39561329
5345,5,3.0,1,2.0,37,10.6,Apartment,Low,Semi-Furnished,Yes,No,No,43048943
3112,6,5.0,1,0.0,46,11.4,Apartment,High,Unfurnished,Yes,No,No,29321410
4380,3,3.0,1,3.0,19,32.5,Apartment,High,Unfurnished,Yes,Yes,No,38290509
3796,1,4.0,3,2.0,9,11.7,Villa,High,Semi-Furnished,Yes,No,Yes,37394221
6267,3,5.0,3,0.0,23,1.1,House,High,Unfurnished,Yes,No,No,54051754
4407,2,5.0,3,1.0,33,17.7,Townhouse,High,Unfurnished,Yes,Yes,No,39579679
2971,3,3.0,2,0.0,41,1.5,Apartment,High,Semi-Furnished,No,No,Yes,27947010
6317,5,3.0,2,1.0,41,36.5,House,High,Semi-Furnished,Yes,No,Yes,49392025
1098,1,1.0,3,1.0,18,26.0,Villa,High,Furnished,Yes,No,No,13837403
6406,6,3.0,2,0.0,51,23.7,Apartment,Low,Semi-Furnished,Yes,No,No,48363671
1381,2,5.0,2,2.0,4,8.9,Townhouse,Low,Unfurnished,Yes,Yes,No,14770481
2193,7,3.0,1,,6,,House,Medium,Semi-Furnished,No,No,No,19662849
5419,6,2.0,2,0.0,1,27.4,Apartment,Medium,Unfurnished,Yes,No,No,43178403
4889,2,1.0,1,0.0,50,3.4,Apartment,High,Semi-Furnished,No,No,No,38186334
6320,4,2.0,1,0.0,9,35.4,Townhouse,Medium,Semi-Furnished,Yes,No,No,50848293
4987,1,2.0,3,2.0,33,23.6,House,Medium,Unfurnished,Yes,Yes,No,39712113
4303,1,5.0,3,1.0,44,,Villa,High,Unfurnished,Yes,Yes,No,38587085
2546,7,3.0,1,0.0,42,11.3,Villa,Medium,Furnished,Yes,Yes,Yes,27016152
478,6,1.0,1,0.0,52,5.8,House,High,Semi-Furnished,Yes,Yes,No,7063349
1199,2,1.0,1,3.0,2,28.4,Villa,Low,Semi-Furnished,Yes,No,No,12585025
2251,2,5.0,3,1.0,22,32.0,Townhouse,Medium,Semi-Furnished,Yes,No,No,21029566
697,2,5.0,1,2.0,27,16.1,Apartment,Medium,Semi-Furnished,Yes,No,Yes,9953006
3524,3,4.0,1,1.0,38,1.9,Villa,Medium,Unfurnished,No,No,No,31822813
5152,3,1.0,1,0.0,34,,Apartment,Low,Furnished,Yes,No,No,36695496
6277,3,1.0,3,1.0,30,9.0,Apartment,Medium,Furnished,Yes,No,Yes,51312292
3412,4,1.0,2,0.0,16,14.2,House,Medium,Unfurnished,Yes,No,Yes,29610383
5743,2,4.0,3,2.0,5,25.5,Villa,Medium,Unfurnished,Yes,Yes,Yes,52183747
6412,7,4.0,3,1.0,23,4.9,Apartment,High,Semi-Furnished,No,No,No,55018813
5651,6,5.0,1,1.0,14,3.8,House,Low,Semi-Furnished,Yes,No,No,48617582
3263,6,1.0,3,0.0,30,2.0,House,Medium,Semi-Furnished,No,Yes,No,29959344
2417,2,1.0,2,3.0,43,36.7,Apartment,Low,Semi-Furnished,Yes,No,No,15630010
6366,5,5.0,2,0.0,30,13.1,Villa,Premium,Semi-Furnished,Yes,No,No,58362384
1913,6,5.0,1,2.0,32,26.8,Townhouse,High,Semi-Furnished,Yes,No,No,21407526
2940,2,,3,3.0,2,39.6,Apartment,Premium,Unfurnished,Yes,Yes,No,27354095
897,6,1.0,3,2.0,35,27.1,Apartment,,Unfurnished,Yes,Yes,Yes,14343283
5251,3,1.0,2,2.0,24,21.5,Townhouse,Medium,Semi-Furnished,Yes,No,No,41595728
4381,6,1.0,1,3.0,6,21.3,Apartment,High,Furnished,No,No,No,38930156
963,4,4.0,3,0.0,11,15.7,Apartment,,Semi-Furnished,Yes,No,Yes,12237380
1792,6,5.0,3,3.0,42,24.4,Townhouse,High,Unfurnished,Yes,No,Yes,20421426
3810,2,4.0,2,2.0,50,38.4,Townhouse,Medium,Furnished,Yes,Yes,No,30311492
3719,3,2.0,2,1.0,27,31.7,House,Medium,Semi-Furnished,Yes,No,Yes,30909819
5302,2,4.0,1,1.0,53,17.5,House,Premium,Semi-Furnished,Yes,Yes,No,45384109
2059,2,1.0,1,2.0,9,14.0,Townhouse,,Unfurnished,Yes,Yes,Yes,20784748
6044,3,5.0,3,3.0,16,35.5,House,Premium,Semi-Furnished,Yes,No,No,55001908
3139,3,,2,2.0,51,6.3,House,,Semi-Furnished,Yes,Yes,Yes,28582344
5426,1,4.0,1,0.0,9,34.1,Villa,Medium,Furnished,Yes,No,No,45101974
1892,5,,3,1.0,36,10.9,House,Medium,Unfurnished,No,No,Yes,18100442
673,4,3.0,1,2.0,12,28.9,House,,Semi-Furnished,No,Yes,No,10134320
783,6,3.0,1,1.0,18,32.4,House,Medium,Unfurnished,Yes,No,No,7840067
2704,5,2.0,1,3.0,26,19.6,House,Medium,Furnished,Yes,Yes,No,26882054
6216,2,,2,2.0,19,8.5,House,High,Unfurnished,No,No,Yes,54315069
744,1,4.0,2,0.0,48,33.9,House,Medium,Semi-Furnished,Yes,No,No,5476497
2682,3,1.0,1,2.0,53,15.3,House,High,Semi-Furnished,Yes,Yes,Yes,23896559
1111,4,5.0,2,0.0,27,13.5,Villa,High,Unfurnished,Yes,No,No,18111456
6085,2,1.0,2,1.0,28,20.9,House,Medium,Semi-Furnished,Yes,No,Yes,46191503
4535,6,3.0,2,1.0,3,18.0,Apartment,Medium,Unfurnished,Yes,No,No,38762907
5064,5,1.0,2,3.0,12,27.6,Apartment,Medium,Semi-Furnished,Yes,No,No,40441717
4765,6,4.0,3,3.0,2,6.4,Apartment,Low,Furnished,Yes,No,Yes,43910216
4425,1,,3,1.0,47,18.0,Villa,High,Semi-Furnished,No,Yes,Yes,39660381
5131,6,3.0,1,2.0,12,35.8,House,,Furnished,Yes,No,No,42560971
499,2,4.0,3,2.0,18,2.4,Apartment,Low,Unfurnished,Yes,Yes,No,8277718
5686,4,4.0,2,2.0,46,18.8,Villa,Premium,Semi-Furnished,Yes,Yes,No,52314380
4926,4,2.0,1,2.0,39,26.8,Apartment,High,Furnished,Yes,No,No,38561398
4923,6,5.0,2,3.0,34,35.6,Apartment,High,Furnished,No,No,No,42078029
2830,2,3.0,3,3.0,2,24.2,Villa,Medium,Unfurnished,Yes,No,No,28149449
5295,2,1.0,3,3.0,30,33.2,House,Premium,Semi-Furnished,Yes,Yes,No,44590141
2760,3,1.0,2,0.0,30,9.7,Villa,Medium,Furnished,Yes,No,Yes,28305606
746,3,2.0,1,1.0,17,14.8,Villa,Medium,Semi-Furnished,Yes,No,No,11951615
5942,2,4.0,1,1.0,40,37.7,Townhouse,High,Semi-Furnished,Yes,Yes,No,48507257
1868,2,3.0,1,2.0,51,35.6,Apartment,High,Unfurnished,Yes,No,No,14411439
1066,2,2.0,3,2.0,14,22.8,Villa,Medium,Unfurnished,Yes,No,No,12684687
4212,4,3.0,2,2.0,18,19.5,House,,Semi-Furnished,No,Yes,Yes,37319935
1863,3,5.0,2,1.0,17,18.6,Apartment,Medium,Semi-Furnished,Yes,No,Yes,20091479
5641,3,3.0,3,,45,,Townhouse,High,Unfurnished,Yes,No,Yes,49235322
3134,6,1.0,3,1.0,4,35.8,House,High,Unfurnished,Yes,No,Yes,28056145
477,2,1.0,3,3.0,49,32.9,Townhouse,Medium,Semi-Furnished,Yes,Yes,No,4075987
6207,7,3.0,1,1.0,42,18.8,House,Low,Semi-Furnished,No,Yes,No,50239503
3563,6,3.0,2,0.0,26,11.9,House,High,Semi-Furnished,Yes,Yes,No,34370270
2041,2,,3,3.0,32,14.4,Apartment,High,Semi-Furnished,Yes,Yes,Yes,22079871
4547,3,3.0,3,0.0,49,5.8,Townhouse,Medium,Unfurnished,Yes,No,Yes,37428072
3660,2,4.0,1,2.0,42,29.1,House,Medium,Furnished,Yes,No,No,30943286
629,2,3.0,2,3.0,15,22.7,Apartment,Premium,Semi-Furnished,Yes,No,No,9828812
5045,3,2.0,3,1.0,2,10.1,Apartment,Medium,Unfurnished,Yes,Yes,No,41741301
2878,1,4.0,1,1.0,36,25.3,Villa,Medium,Semi-Furnished,Yes,Yes,Yes,25432885
4683,1,4.0,2,1.0,8,39.2,Apartment,Medium,Semi-Furnished,Yes,No,No,35781604
5868,4,4.0,1,0.0,4,5.8,House,Medium,Semi-Furnished,Yes,Yes,No,52220410
4144,5,1.0,3,0.0,54,18.9,House,High,Semi-Furnished,No,No,No,34523649
4513,3,4.0,1,0.0,26,20.3,Apartment,Medium,Semi-Furnished,Yes,No,Yes,36881659
1990,7,2.0,1,1.0,35,7.5,House,Medium,Semi-Furnished,Yes,No,Yes,20368183
1887,3,4.0,1,2.0,11,21.7,Apartment,Low,Unfurnished,Yes,Yes,No,16968246
2960,7,4.0,1,0.0,5,24.6,Townhouse,High,Unfurnished,Yes,No,Yes,28606221
5609,2,4.0,2,3.0,3,7.1,Villa,Low,Unfurnished,Yes,No,No,51724196
3621,4,5.0,1,2.0,19,7.0,Apartment,Low,Semi-Furnished,Yes,Yes,Yes,34513866
2555,6,3.0,2,0.0,0,34.4,House,Medium,Semi-Furnished,No,No,No,23148977
5166,1,1.0,2,3.0,23,13.1,House,Medium,Semi-Furnished,Yes,No,No,40840799
5612,7,4.0,2,0.0,17,25.6,Townhouse,Premium,Unfurnished,No,Yes,No,50512759
5910,3,4.0,3,2.0,28,25.4,House,High,Semi-Furnished,Yes,No,No,49113817
2258,4,1.0,2,1.0,32,33.7,House,High,,Yes,No,No,18623124
4743,5,1.0,2,2.0,16,29.9,Townhouse,Medium,Semi-Furnished,No,No,No,38533231
4021,5,2.0,3,3.0,25,33.8,Apartment,Medium,Semi-Furnished,Yes,Yes,No,32581587
3166,1,5.0,1,3.0,4,25.4,House,Premium,,Yes,No,No,30031629
2851,7,,3,1.0,16,18.5,Apartment,Medium,Unfurnished,Yes,No,Yes,28316953
1143,5,5.0,3,2.0,53,,House,High,Semi-Furnished,Yes,Yes,No,14966074
2112,7,5.0,1,3.0,54,15.8,House,Medium,,Yes,No,No,20713133
3775,4,3.0,1,2.0,26,17.3,Townhouse,Medium,Unfurnished,Yes,Yes,Yes,32934332
5813,5,4.0,2,3.0,51,6.0,House,Medium,Furnished,Yes,Yes,No,48430990
5691,4,2.0,1,,27,17.5,Apartment,Medium,Furnished,Yes,Yes,Yes,46790130
1584,7,1.0,2,1.0,6,16.2,Villa,Low,Furnished,Yes,No,No,18476500
4559,6,2.0,3,2.0,47,2.3,Villa,Medium,,Yes,No,Yes,41984481
963,7,3.0,2,3.0,22,11.7,House,Medium,Semi-Furnished,Yes,No,Yes,14758770
4533,4,1.0,1,3.0,33,,House,Medium,Unfurnished,Yes,Yes,No,36144827
2518,6,2.0,1,2.0,35,23.5,Apartment,High,Furnished,Yes,Yes,No,24263745
3171,3,1.0,3,2.0,16,32.4,House,Medium,Semi-Furnished,Yes,No,Yes,28242899
4791,4,4.0,1,2.0,40,22.2,Apartment,High,Unfurnished,Yes,No,Yes,40263467
3020,6,5.0,2,1.0,27,34.3,Apartment,Medium,Unfurnished,Yes,No,No,26128794
5334,1,5.0,3,1.0,20,32.0,Townhouse,Low,Furnished,Yes,No,No,43942875
3678,5,2.0,1,1.0,16,4.8,House,Medium,Furnished,Yes,Yes,No,32204768
6492,1,3.0,2,3.0,41,39.1,Apartment,Premium,Semi-Furnished,Yes,Yes,Yes,53133632
4311,5,,2,2.0,13,1.6,Apartment,Medium,Semi-Furnished,Yes,No,Yes,39354660
2242,4,3.0,1,3.0,6,24.3,Townhouse,Premium,Semi-Furnished,Yes,Yes,No,25916990
5140,4,,2,0.0,48,31.9,Apartment,Medium,Furnished,Yes,No,No,37895591
2918,4,,2,3.0,18,,Apartment,High,Semi-Furnished,Yes,No,Yes,28345413
3681,4,4.0,1,2.0,35,24.3,Apartment,High,Semi-Furnished,Yes,No,Yes,32970025
1277,3,3.0,3,3.0,39,15.1,Apartment,Premium,Semi-Furnished,Yes,No,No,16715913
1172,4,5.0,2,1.0,46,3.4,Apartment,Low,Furnished,Yes,Yes,No,14639535
3927,4,5.0,1,1.0,34,1.3,Townhouse,Premium,Unfurnished,No,No,No,36435278
1579,6,1.0,3,0.0,38,4.7,Apartment,Medium,Semi-Furnished,No,No,Yes,13898800
6485,4,4.0,3,3.0,46,4.8,House,High,Unfurnished,Yes,No,No,57713034
5626,5,2.0,1,2.0,51,24.8,House,Medium,Semi-Furnished,Yes,No,No,44578171
4690,6,3.0,1,3.0,2,21.5,House,Medium,Semi-Furnished,No,No,Yes,41649503
4894,7,2.0,2,0.0,40,18.8,House,Medium,Unfurnished,Yes,No,No,39387234
4051,1,2.0,2,0.0,9,28.0,House,High,Semi-Furnished,Yes,No,No,33788426
814,5,2.0,3,3.0,49,1.7,House,Medium,,Yes,No,No,8086528
2823,2,1.0,2,0.0,2,11.6,House,Medium,Furnished,Yes,Yes,No,25353704
3449,2,4.0,2,2.0,13,31.3,Villa,Medium,Furnished,Yes,No,No,31822237
5987,6,1.0,1,1.0,10,36.5,House,High,Semi-Furnished,Yes,No,No,48229426
1777,1,2.0,2,3.0,33,18.1,Villa,Medium,Semi-Furnished,Yes,No,No,16893078
3456,6,1.0,3,3.0,0,4.2,Apartment,High,Unfurnished,Yes,No,No,35409458
2531,6,1.0,2,3.0,0,32.2,House,Medium,Furnished,Yes,No,Yes,24170112
1262,7,,2,1.0,27,35.5,House,High,Semi-Furnished,Yes,No,Yes,14295008
1073,5,5.0,1,2.0,53,17.1,Apartment,High,Unfurnished,Yes,Yes,No,12322583
2660,7,5.0,3,2.0,29,10.5,Townhouse,High,Furnished,No,No,Yes,30171014
948,1,2.0,1,3.0,24,2.7,Apartment,High,Unfurnished,Yes,No,No,10390746
856,7,3.0,1,0.0,36,24.1,Apartment,Medium,Semi-Furnished,No,Yes,Yes,10376383
2572,2,5.0,1,3.0,30,36.5,Villa,Medium,Unfurnished,Yes,No,Yes,24318906
1671,3,2.0,3,1.0,21,27.4,Apartment,High,Semi-Furnished,Yes,No,No,14316152
3806,1,5.0,2,0.0,32,13.4,House,Low,Unfurnished,Yes,No,No,30821846
556,3,1.0,3,2.0,0,,House,Medium,Unfurnished,Yes,No,No,6881167
2275,6,2.0,2,3.0,13,33.5,Townhouse,High,Semi-Furnished,Yes,No,No,22285151
3192,2,2.0,2,0.0,37,19.6,House,Medium,Furnished,Yes,Yes,No,26941567
6277,6,1.0,2,0.0,18,33.0,House,Medium,Unfurnished,Yes,No,No,49535453
4288,5,5.0,1,3.0,2,16.3,Villa,Premium,Semi-Furnished,Yes,Yes,Yes,46811288
5778,5,5.0,2,3.0,6,14.6,House,Medium,Semi-Furnished,Yes,Yes,No,51808824
2526,7,2.0,3,0.0,47,23.7,Townhouse,Low,Furnished,Yes,No,No,21559174
3170,4,5.0,3,3.0,18,19.1,Villa,Low,Unfurnished,No,No,No,28335414
2993,3,4.0,2,3.0,1,39.1,House,Medium,Semi-Furnished,Yes,No,Yes,27890403
5818,7,5.0,3,3.0,40,21.1,Townhouse,High,Furnished,No,No,No,51861819
6253,4,5.0,3,0.0,29,16.0,House,High,Unfurnished,Yes,Yes,No,52818515
6272,5,3.0,2,2.0,24,16.4,Apartment,Medium,Semi-Furnished,Yes,No,Yes,52083724
4999,3,1.0,2,3.0,49,22.4,Apartment,Medium,Furnished,Yes,Yes,No,39499545
3493,2,5.0,1,3.0,17,14.8,House,Medium,Unfurnished,Yes,No,No,31940922
3722,2,4.0,1,2.0,31,29.2,Apartment,Low,Semi-Furnished,Yes,No,No,28920471
6382,2,5.0,3,0.0,40,15.8,House,High,Unfurnished,Yes,No,No,52941642
2171,2,5.0,1,0.0,33,16.0,House,Medium,Furnished,Yes,No,Yes,21675695
2547,6,1.0,2,1.0,11,25.1,House,Low,Furnished,Yes,No,No,22194814
5876,1,3.0,3,0.0,37,3.4,Apartment,High,Semi-Furnished,Yes,No,No,48661403
2787,5,1.0,1,0.0,40,26.6,Villa,High,Semi-Furnished,Yes,No,No,24545198
1872,7,1.0,3,0.0,6,20.7,House,,Semi-Furnished,Yes,No,Yes,20377967
3840,6,5.0,2,3.0,9,18.7,Apartment,Medium,Unfurnished,No,Yes,Yes,34060760
2418,3,5.0,1,2.0,37,29.1,House,Medium,Unfurnished,Yes,No,No,20943363
5839,1,5.0,1,2.0,6,30.6,House,Low,Unfurnished,Yes,No,No,46583338
5949,6,5.0,3,3.0,48,34.0,House,Medium,Unfurnished,Yes,Yes,No,49405249
2301,1,4.0,3,1.0,6,15.6,House,High,Semi-Furnished,Yes,Yes,Yes,24361110
3653,5,3.0,3,1.0,53,13.8,Apartment,Premium,Unfurnished,No,Yes,No,32906785
6403,5,5.0,3,0.0,36,28.9,Townhouse,Medium,Unfurnished,Yes,Yes,No,52399867
4941,2,3.0,1,1.0,24,23.7,House,Medium,Semi-Furnished,Yes,No,No,39842595
1754,6,4.0,3,0.0,14,25.6,Apartment,High,Unfurnished,Yes,No,Yes,17997594
4024,2,2.0,1,2.0,18,22.7,Villa,Medium,Unfurnished,Yes,No,No,34832494
4200,2,4.0,1,3.0,41,31.1,House,Low,Unfurnished,Yes,No,No,30302195
4403,6,,3,2.0,41,8.4,House,Medium,Unfurnished,Yes,Yes,Yes,39581742
601,7,4.0,2,1.0,11,22.7,House,,Semi-Furnished,Yes,No,No,10142643
2261,2,3.0,2,2.0,29,7.2,House,High,Semi-Furnished,Yes,Yes,No,23826997
5620,7,1.0,3,3.0,54,16.9,House,Premium,Furnished,Yes,Yes,No,50368618
1910,7,1.0,1,1.0,14,26.9,Apartment,Low,Semi-Furnished,Yes,No,No,16222935
2263,6,4.0,2,1.0,38,20.2,Apartment,Medium,Semi-Furnished,Yes,No,No,21309670
2401,1,4.0,3,2.0,9,15.8,Townhouse,Medium,Furnished,Yes,Yes,No,24204252
1523,3,4.0,2,0.0,45,35.5,House,Medium,Semi-Furnished,No,Yes,No,12770927
1390,5,5.0,2,3.0,9,31.1,House,Medium,,Yes,Yes,No,16460920
2549,7,3.0,2,1.0,16,21.5,Apartment,High,Semi-Furnished,Yes,Yes,Yes,26070289
5739,6,5.0,3,1.0,25,38.1,House,High,Unfurnished,Yes,No,No,49462863
459,3,4.0,1,2.0,20,17.6,Apartment,High,Unfurnished,Yes,No,Yes,10180091
2163,2,2.0,3,0.0,9,31.7,Apartment,Medium,Unfurnished,Yes,No,No,16530980
816,7,5.0,3,0.0,35,7.5,Apartment,Medium,Furnished,Yes,No,No,12699448
3847,2,1.0,3,0.0,1,12.1,House,Low,Unfurnished,Yes,No,No,32002905
1966,3,3.0,2,1.0,54,14.2,House,Low,Semi-Furnished,Yes,No,No,16162601
5241,7,5.0,2,2.0,2,5.1,Apartment,Medium,Furnished,Yes,Yes,No,48945560
3989,4,4.0,2,0.0,18,20.6,Apartment,Medium,Semi-Furnished,Yes,No,No,33013630
5192,2,5.0,1,1.0,51,8.5,House,Premium,Unfurnished,Yes,Yes,Yes,43473217
4291,1,1.0,3,3.0,8,,House,Medium,Semi-Furnished,Yes,No,Yes,37195428
3102,4,3.0,2,3.0,4,8.4,House,Low,Unfurnished,Yes,No,No,27923941
5658,7,4.0,3,0.0,40,5.8,Apartment,Low,Furnished,Yes,No,Yes,47922399
3331,4,4.0,1,2.0,4,38.8,House,High,Semi-Furnished,Yes,Yes,No,30523336
6197,5,5.0,3,0.0,49,,Townhouse,Low,Semi-Furnished,Yes,Yes,No,49277277
6467,2,3.0,2,2.0,24,37.5,House,Medium,Semi-Furnished,Yes,No,No,50544916
4013,6,4.0,3,3.0,47,20.1,Apartment,Medium,Semi-Furnished,Yes,No,Yes,34355419
4531,6,3.0,1,3.0,13,2.3,House,Medium,Semi-Furnished,Yes,No,Yes,41186218
1996,5,5.0,2,0.0,7,23.4,Apartment,Medium,Unfurnished,Yes,No,Yes,19936972
5378,6,1.0,2,1.0,52,22.8,Apartment,Medium,Unfurnished,Yes,No,Yes,41133058
4513,5,2.0,2,3.0,41,1.6,Apartment,Low,Unfurnished,Yes,No,No,37359855
5910,3,1.0,1,3.0,50,34.6,Townhouse,High,Semi-Furnished,Yes,Yes,Yes,45992655
2065,6,4.0,2,1.0,17,25.2,House,Medium,Furnished,Yes,Yes,Yes,21531150
5214,6,2.0,1,0.0,22,30.0,Villa,Medium,Semi-Furnished,Yes,No,Yes,45215168
3295,6,2.0,2,1.0,31,20.3,House,,Semi-Furnished,Yes,Yes,No,27405731
1570,2,5.0,1,2.0,24,25.1,House,Medium,Furnished,Yes,No,Yes,15676438
1485,5,2.0,2,1.0,13,11.0,Apartment,Medium,Unfurnished,Yes,Yes,No,14633738
3851,1,1.0,2,,20,39.0,House,Medium,Unfurnished,Yes,No,Yes,29551719
2382,5,1.0,1,3.0,33,16.6,Apartment,Medium,Furnished,Yes,No,Yes,21032739
1066,4,2.0,3,3.0,2,7.3,House,Premium,Furnished,Yes,Yes,Yes,19625137
3034,3,5.0,3,0.0,18,3.2,Apartment,Medium,Semi-Furnished,Yes,No,No,27302691
4400,7,3.0,1,3.0,16,25.8,House,Premium,Unfurnished,Yes,Yes,No,42322843
2379,7,5.0,1,,3,39.4,House,Premium,Furnished,Yes,Yes,Yes,29994998
6229,1,2.0,3,1.0,6,,Apartment,Medium,Semi-Furnished,Yes,No,Yes,47098514
5166,2,2.0,1,2.0,27,28.4,Apartment,Medium,Semi-Furnished,Yes,No,Yes,38741413
3552,2,1.0,3,3.0,5,39.6,Townhouse,Medium,Unfurnished,Yes,No,Yes,30125771
6104,7,2.0,2,3.0,18,29.2,Apartment,Premium,Semi-Furnished,Yes,No,No,54253217
3069,4,3.0,2,2.0,30,14.2,Apartment,Medium,Furnished,Yes,No,Yes,25649139
1294,6,5.0,1,0.0,48,24.4,Apartment,Medium,Furnished,Yes,Yes,No,13554293
666,6,2.0,2,2.0,5,4.1,House,,Semi-Furnished,Yes,No,No,12246192
6125,6,4.0,1,2.0,23,9.6,House,High,Semi-Furnished,Yes,No,No,52845829
6256,1,4.0,2,0.0,5,17.3,Apartment,Low,Semi-Furnished,Yes,No,No,51303801
4922,1,2.0,2,3.0,23,8.9,House,Low,Semi-Furnished,Yes,Yes,No,40505505
1073,3,5.0,1,0.0,26,38.2,House,Medium,Semi-Furnished,No,Yes,Yes,11046973
2226,3,3.0,2,3.0,43,39.8,Apartment,,Unfurnished,Yes,No,No,15283290
698,6,1.0,2,2.0,24,15.5,Townhouse,High,Unfurnished,Yes,No,Yes,11895226
760,2,,3,1.0,51,28.7,Townhouse,High,Semi-Furnished,Yes,Yes,No,10488507
1938,3,5.0,1,0.0,7,16.9,Apartment,Medium,Unfurnished,Yes,No,Yes,20491538
3911,2,1.0,3,,2,6.4,Apartment,Medium,Unfurnished,Yes,Yes,No,34428147
846,2,5.0,3,2.0,0,14.1,Apartment,High,Furnished,No,Yes,Yes,14951865
6406,2,5.0,3,1.0,19,10.1,Apartment,Medium,,Yes,Yes,No,56495641
3203,2,5.0,3,3.0,10,13.8,House,Low,Unfurnished,Yes,No,No,30367513
2046,4,2.0,2,0.0,5,9.4,House,Medium,Unfurnished,No,Yes,No,20383064
3572,3,4.0,3,3.0,12,5.4,House,Medium,Semi-Furnished,No,Yes,No,32932761
5230,4,3.0,3,3.0,53,9.5,Apartment,Premium,Semi-Furnished,No,No,No,43872471
2341,4,4.0,2,0.0,44,36.3,Apartment,High,Semi-Furnished,No,Yes,No,18084575
737,6,4.0,1,2.0,1,4.3,Townhouse,Low,Semi-Furnished,Yes,No,No,11800401
758,7,4.0,2,3.0,50,13.7,Townhouse,High,,Yes,Yes,Yes,14208872
5604,4,3.0,3,1.0,11,21.6,Apartment,Medium,Semi-Furnished,Yes,No,No,46394780
1125,5,4.0,3,0.0,22,14.8,House,High,Unfurnished,Yes,No,No,13877964
4295,6,3.0,2,3.0,18,21.2,House,Medium,Semi-Furnished,Yes,No,No,37329718
2776,5,1.0,1,1.0,22,2.7,House,Medium,Unfurnished,Yes,No,No,24345128
5153,1,1.0,3,0.0,41,,House,Medium,Unfurnished,Yes,No,No,38872346
816,7,5.0,1,3.0,39,23.0,Townhouse,Medium,Unfurnished,Yes,Yes,Yes,11157682
5881,2,5.0,1,,32,27.6,Apartment,Medium,Furnished,Yes,No,No,47134318
4674,3,3.0,2,0.0,34,23.1,Apartment,Medium,Unfurnished,Yes,Yes,No,36789977
3168,5,1.0,3,1.0,40,18.1,Townhouse,High,Unfurnished,Yes,No,No,26653319
1702,3,4.0,1,0.0,10,14.7,Apartment,High,Unfurnished,Yes,No,No,18737905
6361,2,1.0,2,3.0,21,9.8,Apartment,Medium,Semi-Furnished,Yes,Yes,Yes,51774586
2277,7,2.0,1,0.0,5,20.5,House,,Semi-Furnished,Yes,No,No,20064225
3417,1,2.0,2,3.0,38,2.0,Villa,Medium,Furnished,Yes,Yes,Yes,33920792
2834,2,1.0,1,2.0,24,13.8,House,Medium,Semi-Furnished,Yes,Yes,No,24228446
1844,7,5.0,2,2.0,35,27.4,Villa,Medium,Semi-Furnished,Yes,No,Yes,21658985
2970,6,3.0,2,3.0,31,5.2,House,High,Semi-Furnished,Yes,Yes,No,29179788
1366,1,2.0,1,3.0,15,3.5,Apartment,Premium,Unfurnished,Yes,No,Yes,18010275
460,6,3.0,1,0.0,7,26.4,House,Low,,No,No,No,8769186
2204,7,1.0,3,0.0,53,16.5,Villa,High,Furnished,Yes,No,No,21650350
1128,1,3.0,1,0.0,16,32.3,Villa,High,Unfurnished,Yes,Yes,Yes,14391088
2959,3,3.0,1,2.0,6,37.6,Apartment,Medium,Semi-Furnished,Yes,No,No,23207621
5669,4,2.0,1,2.0,16,38.3,Apartment,Medium,,Yes,No,No,45544545
1433,1,5.0,3,0.0,49,17.6,Villa,Low,Semi-Furnished,No,Yes,No,15666469
457,2,2.0,2,0.0,14,11.3,Apartment,Low,Semi-Furnished,No,No,No,4865597
1122,2,1.0,1,2.0,54,24.7,Apartment,Premium,Furnished,Yes,Yes,Yes,11167619
3524,2,3.0,3,2.0,25,25.5,Villa,Medium,Unfurnished,No,No,No,29622450
2112,3,5.0,1,1.0,47,25.3,House,Medium,,Yes,No,No,18525347
3411,4,2.0,2,3.0,35,13.5,Apartment,Medium,Semi-Furnished,Yes,No,No,27004857
626,2,1.0,1,3.0,2,3.5,Apartment,Premium,Unfurnished,Yes,No,Yes,11063098
2465,3,5.0,3,3.0,28,9.2,Apartment,Medium,Semi-Furnished,Yes,No,No,23531948
2931,2,3.0,3,1.0,22,7.0,Villa,High,Semi-Furnished,No,Yes,No,30446675
3059,6,,3,3.0,11,5.8,House,High,Semi-Furnished,Yes,Yes,Yes,32447428
3784,2,4.0,1,2.0,30,37.1,Apartment,Medium,,Yes,No,No,29148327
5172,7,2.0,1,2.0,5,1.5,House,High,Unfurnished,Yes,No,Yes,48632832
3276,4,5.0,3,1.0,38,24.5,Apartment,High,Unfurnished,Yes,No,Yes,28458467
5539,6,2.0,3,3.0,45,38.0,Apartment,High,Unfurnished,Yes,No,No,44060380
3654,5,3.0,1,2.0,5,15.0,Apartment,Medium,Unfurnished,No,No,Yes,32168109
2025,2,3.0,3,0.0,26,21.6,House,Low,Semi-Furnished,Yes,No,Yes,18376584
1835,5,2.0,3,3.0,36,28.1,Apartment,Low,Furnished,Yes,Yes,No,17098298
2401,2,3.0,2,0.0,3,13.4,Apartment,Medium,Semi-Furnished,Yes,Yes,No,21818801
4064,1,1.0,2,2.0,21,,House,High,Semi-Furnished,Yes,Yes,Yes,34827430
1917,2,4.0,1,2.0,14,32.9,House,High,Semi-Furnished,Yes,No,No,17026146
5980,2,,1,2.0,2,30.1,Apartment,Medium,Unfurnished,Yes,No,No,45717398
3353,1,5.0,1,0.0,44,32.5,Apartment,Low,Furnished,Yes,No,No,24638923
5672,1,,1,1.0,24,39.5,Apartment,Low,Semi-Furnished,Yes,No,Yes,41689929
4583,7,2.0,3,3.0,41,15.4,House,High,,Yes,No,Yes,39708325
2466,4,3.0,2,0.0,32,30.1,House,Medium,Furnished,Yes,Yes,Yes,21574110
1830,3,4.0,3,2.0,48,24.5,Apartment,High,Semi-Furnished,Yes,No,No,18045608
4950,7,5.0,1,3.0,54,27.0,Villa,Low,Unfurnished,Yes,No,Yes,43295256
2450,2,1.0,3,3.0,33,29.9,House,Medium,Semi-Furnished,Yes,No,No,18298054
1943,3,2.0,1,2.0,19,30.2,Apartment,Premium,Semi-Furnished,Yes,Yes,Yes,20081687
6078,6,2.0,3,1.0,23,35.5,Apartment,Low,Semi-Furnished,No,No,Yes,47669702
3369,5,2.0,1,2.0,45,14.6,Apartment,Low,Furnished,Yes,Yes,No,26943594
743,3,3.0,1,1.0,23,26.5,Apartment,High,Semi-Furnished,No,No,No,7125474
3443,2,5.0,1,2.0,28,11.9,House,Medium,,Yes,No,No,30025879
3237,1,1.0,3,2.0,10,24.2,Apartment,Premium,Furnished,Yes,Yes,No,31583795
5677,1,5.0,1,2.0,54,30.3,Villa,High,Semi-Furnished,Yes,No,Yes,49051961
4754,2,4.0,2,0.0,35,31.8,House,High,Semi-Furnished,Yes,Yes,No,38677498
1607,6,4.0,2,3.0,18,,House,Low,Unfurnished,Yes,No,Yes,17958696
1360,5,4.0,3,2.0,32,20.8,Villa,Medium,Semi-Furnished,Yes,No,No,16660229
4101,4,1.0,2,3.0,22,14.0,House,High,Semi-Furnished,Yes,No,No,35166188
736,6,4.0,1,2.0,8,7.6,Townhouse,Medium,Unfurnished,Yes,Yes,Yes,13268233
2380,2,2.0,2,3.0,48,11.2,Townhouse,Premium,Semi-Furnished,Yes,Yes,No,23300189
1286,2,3.0,1,3.0,48,36.6,House,High,Unfurnished,Yes,No,Yes,12347350
574,3,4.0,3,3.0,45,13.0,Apartment,Low,Unfurnished,Yes,No,Yes,8174625
6008,7,4.0,3,2.0,20,39.0,House,Medium,Semi-Furnished,Yes,No,No,49256284
993,5,2.0,1,2.0,14,10.4,Apartment,High,Unfurnished,Yes,No,No,11636629
506,6,2.0,3,0.0,2,29.2,House,Low,Semi-Furnished,Yes,No,No,8086735
6093,2,3.0,1,1.0,40,23.4,House,Medium,Semi-Furnished,Yes,No,Yes,49138334
1589,6,1.0,2,1.0,18,28.2,House,High,Unfurnished,Yes,Yes,No,15208430
5390,1,4.0,2,3.0,49,26.1,Villa,Low,Unfurnished,Yes,No,Yes,43713260
639,2,1.0,1,2.0,47,28.6,Apartment,Medium,Semi-Furnished,Yes,No,Yes,3862355
1379,4,3.0,2,1.0,7,36.3,House,High,Unfurnished,Yes,Yes,No,14234201
1119,1,4.0,1,0.0,50,23.0,Apartment,High,Semi-Furnished,Yes,No,Yes,10536784
4722,7,1.0,3,2.0,7,3.6,Villa,Medium,Semi-Furnished,Yes,Yes,No,44461249
4201,7,5.0,3,1.0,26,11.6,House,Premium,Semi-Furnished,Yes,No,No,41427365
3326,4,,3,0.0,26,28.6,Apartment,Premium,Semi-Furnished,Yes,No,No,29627392
1911,3,1.0,2,,52,20.3,House,Medium,Furnished,No,No,Yes,14180944
987,1,4.0,2,3.0,36,22.4,Apartment,Low,Unfurnished,Yes,No,No,5890392
3893,5,3.0,2,0.0,48,24.3,House,,Furnished,Yes,Yes,Yes,35448745
1845,4,4.0,3,1.0,32,15.9,House,Medium,Furnished,Yes,No,No,18021209
4020,6,4.0,2,2.0,45,31.2,House,High,Semi-Furnished,Yes,No,Yes,37249378
4609,5,3.0,2,0.0,46,29.2,House,Medium,Unfurnished,Yes,No,Yes,38247054
5589,1,5.0,2,0.0,47,28.9,Villa,Medium,Unfurnished,Yes,No,Yes,45211069
3438,1,2.0,2,3.0,22,28.9,Villa,Medium,Furnished,Yes,No,No,32404448
478,6,3.0,2,2.0,21,35.7,House,Medium,Unfurnished,Yes,Yes,No,7603117
2148,2,1.0,3,0.0,54,24.2,House,,,Yes,No,No,19087018
5612,7,4.0,2,0.0,41,38.7,House,Medium,Semi-Furnished,Yes,No,No,42159044
3676,1,2.0,3,1.0,50,5.6,Villa,Premium,Semi-Furnished,Yes,No,Yes,36684940
4195,6,4.0,3,2.0,31,25.6,Villa,Low,Semi-Furnished,No,No,No,37056166
3219,7,,2,2.0,51,29.0,Apartment,High,Unfurnished,Yes,No,No,28185625
1434,4,5.0,3,0.0,39,19.6,Apartment,Premium,Semi-Furnished,Yes,Yes,Yes,18312447
5875,1,5.0,1,2.0,40,12.2,Apartment,Medium,Furnished,Yes,Yes,No,47001529
5126,7,1.0,3,3.0,9,22.5,Apartment,Low,Unfurnished,Yes,No,Yes,42077776
6470,2,1.0,1,0.0,31,15.2,House,,Furnished,Yes,No,No,52791974
5625,4,5.0,2,0.0,40,36.5,Apartment,High,Furnished,Yes,No,No,45213562
2211,7,2.0,1,3.0,41,14.9,House,Medium,Unfurnished,Yes,Yes,Yes,20891724
1988,6,1.0,2,2.0,52,7.9,Apartment,Medium,Semi-Furnished,Yes,No,No,15416852
1953,1,2.0,2,3.0,17,23.5,Apartment,High,Unfurnished,Yes,No,Yes,18118380
6008,6,5.0,3,1.0,16,16.4,House,Medium,Semi-Furnished,Yes,Yes,No,51600061
3819,2,2.0,1,1.0,53,4.7,House,Medium,Furnished,No,No,No,31348574
3199,6,1.0,3,0.0,54,23.0,House,Medium,Furnished,Yes,Yes,No,25698709
6307,5,4.0,3,0.0,9,22.0,Villa,Low,Furnished,Yes,No,No,54669066
4100,3,1.0,2,1.0,20,7.8,Townhouse,High,Unfurnished,Yes,No,No,37626585
5952,3,,2,0.0,52,24.3,House,Medium,Semi-Furnished,Yes,No,No,44916783
6407,1,,3,3.0,10,23.1,Apartment,Premium,Unfurnished,Yes,No,No,52922183
930,7,4.0,1,,43,31.2,Apartment,Medium,,Yes,No,Yes,10735060
2637,2,3.0,3,3.0,6,15.1,Townhouse,Medium,Unfurnished,Yes,No,No,23247964
4891,3,5.0,1,2.0,9,10.7,House,Medium,Unfurnished,Yes,Yes,Yes,45062828
5369,4,2.0,3,1.0,43,38.1,Villa,,Unfurnished,Yes,No,No,43453446
1348,5,2.0,1,2.0,33,22.9,House,High,,Yes,No,Yes,14725307
2376,4,1.0,3,0.0,30,2.1,Apartment,High,Unfurnished,Yes,No,No,18668712
3766,4,2.0,3,3.0,47,33.0,House,High,Unfurnished,Yes,No,No,30319129
5285,5,3.0,1,2.0,16,8.7,Villa,Medium,Furnished,Yes,Yes,No,47541920
1133,7,1.0,2,0.0,27,31.7,Villa,Medium,Semi-Furnished,Yes,No,No,13406996
4084,3,3.0,2,2.0,33,28.5,Apartment,Low,Unfurnished,No,Yes,No,31922205
2243,6,5.0,1,2.0,40,38.8,House,High,Furnished,Yes,No,No,21800009
1758,6,4.0,2,0.0,18,38.7,Apartment,Medium,Semi-Furnished,Yes,No,Yes,15075500
3568,7,4.0,3,0.0,34,11.7,Townhouse,Medium,Semi-Furnished,Yes,Yes,No,34562165
2954,7,5.0,1,3.0,24,30.9,Apartment,Medium,Unfurnished,Yes,No,Yes,26290865
4296,6,4.0,3,1.0,29,13.4,House,Medium,Semi-Furnished,Yes,No,No,39483434
2371,2,4.0,3,2.0,47,25.5,Apartment,High,Semi-Furnished,No,No,No,20181948
5430,6,5.0,2,0.0,21,24.3,House,Medium,Unfurnished,Yes,Yes,No,46513627
922,6,1.0,2,2.0,36,3.1,House,Premium,Semi-Furnished,Yes,No,No,14116426
5664,3,5.0,2,0.0,51,1.2,Apartment,Low,Semi-Furnished,Yes,No,Yes,47406660
630,5,2.0,1,1.0,41,3.3,Villa,Medium,Semi-Furnished,Yes,No,No,10740090
4902,2,4.0,2,2.0,54,6.0,Townhouse,Low,Unfurnished,No,No,Yes,40875803
2546,4,5.0,3,1.0,32,11.0,Villa,High,Semi-Furnished,Yes,Yes,No,28850387
2769,6,3.0,1,2.0,15,36.4,Apartment,Medium,Semi-Furnished,Yes,No,No,23064065
565,2,1.0,3,0.0,54,21.2,House,Medium,Unfurnished,Yes,No,No,3857617
4697,3,2.0,3,1.0,35,32.1,House,High,Unfurnished,Yes,No,Yes,39655986
1451,6,3.0,3,3.0,13,33.7,House,Medium,Semi-Furnished,Yes,No,No,16195161
4437,4,5.0,2,1.0,17,29.7,House,,Unfurnished,No,Yes,Yes,38270101
4837,7,5.0,2,0.0,14,16.3,House,Medium,Semi-Furnished,Yes,No,No,41283203
5563,1,3.0,2,3.0,45,34.7,Apartment,Low,Unfurnished,Yes,Yes,No,41611647
4733,6,5.0,3,3.0,5,29.9,House,High,Semi-Furnished,Yes,No,Yes,43205466
2274,6,3.0,3,2.0,40,30.0,Apartment,High,Semi-Furnished,Yes,No,No,20573905
4918,7,3.0,2,3.0,30,36.2,Apartment,High,Furnished,Yes,No,Yes,42273610
5446,2,5.0,3,3.0,4,24.3,Apartment,High,Semi-Furnished,Yes,No,No,46097108
2368,7,4.0,2,2.0,33,,Apartment,High,Semi-Furnished,Yes,No,Yes,24224053
1201,3,3.0,2,2.0,41,35.7,Villa,Medium,Furnished,Yes,No,No,14422986
5834,3,3.0,1,0.0,39,18.7,House,Low,Semi-Furnished,No,Yes,Yes,45892555
1345,3,4.0,2,2.0,29,32.7,Apartment,Medium,Semi-Furnished,Yes,Yes,No,12906792
4042,5,4.0,2,1.0,18,3.1,Villa,Premium,Unfurnished,Yes,No,Yes,44928821
1879,5,3.0,3,3.0,9,1.1,Townhouse,Premium,Semi-Furnished,No,No,No,25644252
1212,4,,3,1.0,0,21.6,Townhouse,High,Semi-Furnished,Yes,Yes,Yes,15708841
5147,1,1.0,1,3.0,19,3.9,Villa,Medium,Semi-Furnished,Yes,No,Yes,45382013
1319,7,1.0,2,2.0,34,39.1,Townhouse,Medium,Furnished,Yes,No,Yes,13244602
4504,2,3.0,3,2.0,2,1.2,House,High,Furnished,No,Yes,No,44132832
4643,1,4.0,2,3.0,54,29.0,Townhouse,Low,Furnished,Yes,No,No,37176445
814,5,5.0,2,1.0,32,10.5,Townhouse,Medium,Semi-Furnished,Yes,No,Yes,9972005
1496,3,2.0,3,,16,38.7,Apartment,Medium,Furnished,Yes,No,No,11710516
5255,5,4.0,2,1.0,52,15.9,Villa,Medium,Furnished,Yes,No,Yes,46240476
3519,7,4.0,3,3.0,10,2.1,Villa,High,Unfurnished,Yes,No,No,37291142
1184,1,,2,3.0,52,2.1,Villa,Premium,Semi-Furnished,Yes,Yes,No,13514818
6450,2,2.0,1,0.0,15,22.6,Townhouse,High,Unfurnished,No,Yes,No,51599943
2053,4,2.0,2,1.0,20,39.5,House,Medium,Unfurnished,Yes,No,Yes,17027050
474,6,,3,1.0,23,39.2,House,Medium,Unfurnished,Yes,Yes,No,6969644
6041,5,5.0,2,2.0,54,14.2,House,High,Semi-Furnished,Yes,Yes,No,50897351
550,3,5.0,3,0.0,13,19.8,House,Medium,Unfurnished,Yes,No,Yes,9320318
3797,5,,1,2.0,53,4.9,Townhouse,Medium,Unfurnished,Yes,Yes,No,32854479
6458,7,3.0,3,2.0,19,21.4,Townhouse,High,Unfurnished,Yes,Yes,Yes,56548063
3945,4,2.0,1,0.0,15,24.4,House,Medium,Semi-Furnished,No,Yes,No,33698569
3987,7,4.0,3,0.0,35,10.8,Townhouse,Low,Furnished,Yes,Yes,No,36377143
2798,6,1.0,2,2.0,38,24.9,Apartment,High,Furnished,Yes,No,No,23508938
1217,3,2.0,3,1.0,18,36.1,Townhouse,Medium,Semi-Furnished,Yes,No,No,10071616
3914,2,1.0,3,3.0,7,1.0,Apartment,Low,Unfurnished,Yes,Yes,Yes,34075727
5878,6,3.0,3,3.0,21,9.9,House,Medium,Furnished,No,Yes,No,52492379
1001,2,2.0,3,3.0,29,9.2,Apartment,Premium,Unfurnished,Yes,No,No,12554280
5776,3,1.0,2,2.0,2,5.8,House,Medium,Furnished,No,No,No,49378892
2961,2,2.0,3,,4,7.5,House,Medium,Semi-Furnished,No,No,Yes,28238201
3694,5,5.0,1,0.0,50,25.4,Apartment,Low,Semi-Furnished,Yes,Yes,Yes,31775310
1450,3,3.0,1,1.0,1,5.0,House,Premium,Unfurnished,Yes,No,No,19834226
4211,5,5.0,2,0.0,22,29.8,House,High,Unfurnished,Yes,No,No,36070196
1553,7,5.0,3,2.0,42,35.6,Apartment,,Semi-Furnished,Yes,No,No,15049533
2102,6,5.0,3,2.0,18,37.1,House,Medium,Semi-Furnished,No,No,Yes,21487720
4815,7,2.0,2,1.0,27,26.7,Apartment,High,Furnished,No,Yes,No,40626190
755,1,5.0,2,1.0,4,8.7,Apartment,High,Semi-Furnished,No,No,No,10485904
3155,4,5.0,2,2.0,43,4.3,Apartment,High,Semi-Furnished,Yes,No,Yes,30855932
4047,2,5.0,3,0.0,34,10.0,House,Premium,Unfurnished,Yes,No,No,37886364
1248,7,2.0,3,,46,38.5,Villa,Medium,Semi-Furnished,Yes,Yes,Yes,12950405
2233,5,2.0,1,2.0,47,38.5,House,Medium,Unfurnished,Yes,No,No,16558369
2528,3,3.0,2,0.0,19,15.9,Villa,Medium,Semi-Furnished,Yes,No,Yes,24901006
4464,4,5.0,2,0.0,2,13.7,House,High,Semi-Furnished,Yes,No,No,40166858
6359,5,5.0,3,1.0,19,20.9,Villa,Medium,Furnished,No,Yes,No,56227995
5509,4,3.0,2,2.0,7,12.4,Townhouse,Medium,Semi-Furnished,Yes,Yes,No,49311027
1598,4,1.0,3,1.0,29,39.2,House,High,Unfurnished,Yes,Yes,No,15240055
559,1,3.0,2,1.0,8,9.6,Apartment,Medium,Furnished,Yes,No,Yes,9792477
764,4,4.0,3,2.0,50,15.4,Apartment,High,Semi-Furnished,Yes,Yes,No,10565710
4054,3,3.0,1,0.0,33,17.7,House,Low,Semi-Furnished,No,Yes,No,32849117
1395,6,2.0,3,,13,5.9,House,Medium,,Yes,No,Yes,17554280
1849,7,2.0,1,0.0,50,15.9,Apartment,Medium,Furnished,Yes,Yes,No,15407354
5576,6,1.0,2,0.0,42,34.4,Townhouse,High,,No,Yes,Yes,44000648
5737,1,2.0,3,0.0,24,6.5,Townhouse,High,Semi-Furnished,Yes,Yes,Yes,49289237
5526,6,4.0,3,1.0,8,23.8,Apartment,Medium,Furnished,Yes,Yes,No,49131823
1984,3,2.0,2,0.0,18,16.9,Apartment,Medium,,Yes,No,Yes,18215922
4199,3,5.0,2,3.0,32,7.7,Apartment,Low,Furnished,Yes,No,Yes,36005010
4145,7,1.0,1,1.0,42,1.5,House,High,Unfurnished,Yes,No,Yes,36923552
1570,7,3.0,3,3.0,14,,Villa,Premium,Unfurnished,No,No,No,22860154
3798,1,3.0,1,3.0,40,3.4,House,High,Unfurnished,No,No,No,32292210
3627,3,5.0,1,3.0,15,15.7,Apartment,Medium,Furnished,Yes,No,Yes,32821261
2846,6,5.0,2,3.0,13,32.6,House,Medium,Semi-Furnished,Yes,Yes,No,28701722
4997,4,3.0,1,0.0,24,29.1,Apartment,Medium,Unfurnished,Yes,No,No,38397684
4549,2,4.0,1,1.0,8,37.9,House,Low,Unfurnished,Yes,Yes,No,36320441
3672,4,4.0,2,2.0,22,17.7,House,Low,Unfurnished,Yes,No,Yes,32173532
4840,7,3.0,3,2.0,19,28.6,House,Low,Unfurnished,Yes,No,Yes,39914007
5066,2,1.0,1,0.0,15,26.9,House,Medium,Semi-Furnished,Yes,No,Yes,40163798
3879,6,3.0,3,,42,9.5,Townhouse,High,,Yes,No,Yes,37019985
2069,6,2.0,2,3.0,18,12.8,Apartment,Medium,Unfurnished,Yes,No,No,20697822
5038,7,3.0,1,3.0,38,21.7,Villa,High,Unfurnished,Yes,No,No,43918267
4791,3,4.0,3,1.0,39,32.1,Apartment,Premium,Semi-Furnished,Yes,No,No,39377359
6399,2,2.0,2,0.0,36,19.0,Apartment,Medium,Semi-Furnished,Yes,No,No,48881321
1356,4,2.0,3,1.0,14,9.9,Townhouse,Medium,Semi-Furnished,Yes,No,No,16235369
2986,4,,1,1.0,45,39.7,House,High,Semi-Furnished,No,No,Yes,25785737
6041,3,2.0,1,1.0,13,5.5,Apartment,Low,Furnished,Yes,No,No,49635366
3563,6,1.0,1,1.0,15,,House,Medium,Semi-Furnished,Yes,No,No,27246076
6152,6,4.0,2,1.0,48,32.6,House,Medium,Furnished,Yes,No,No,48727411
525,2,4.0,3,0.0,18,33.7,Townhouse,High,Semi-Furnished,No,Yes,No,6265999
662,6,5.0,3,1.0,38,32.0,House,High,Unfurnished,Yes,No,No,9346961
5265,2,4.0,2,1.0,2,9.1,Apartment,High,Furnished,Yes,Yes,No,45447703
2618,3,5.0,2,0.0,33,25.7,House,High,Semi-Furnished,Yes,Yes,No,25928696
3597,1,3.0,3,3.0,47,30.5,Apartment,Medium,Semi-Furnished,No,No,No,28035039
3039,3,2.0,2,2.0,38,,Apartment,High,Unfurnished,Yes,No,Yes,24937479
2918,7,5.0,1,3.0,32,11.6,House,High,Semi-Furnished,No,No,Yes,28679484
6133,4,2.0,1,2.0,46,8.1,Villa,Medium,Furnished,Yes,No,Yes,52897441
1019,5,2.0,1,0.0,16,13.8,Apartment,Premium,Unfurnished,Yes,No,No,15104619
5121,1,5.0,2,3.0,20,19.7,Villa,High,Unfurnished,Yes,No,No,46596262
5832,5,5.0,2,1.0,3,23.4,House,Medium,Unfurnished,Yes,Yes,No,51290686
4427,3,2.0,2,2.0,38,33.6,Villa,Low,Semi-Furnished,Yes,No,Yes,35890551
2839,6,4.0,2,,39,31.0,Apartment,Medium,Furnished,Yes,No,No,23089311
1418,7,5.0,3,1.0,41,27.4,House,High,Semi-Furnished,Yes,Yes,No,16918024
4579,4,4.0,3,1.0,41,11.3,Apartment,Low,Furnished,Yes,No,Yes,36810865
3286,1,1.0,1,1.0,7,,Apartment,Medium,Semi-Furnished,No,No,Yes,28315780
1353,4,4.0,1,2.0,36,14.1,Apartment,Medium,Semi-Furnished,Yes,No,No,13126985
2625,1,1.0,1,2.0,41,10.2,Apartment,High,Unfurnished,No,No,Yes,22099096
6267,4,5.0,3,0.0,11,1.4,Apartment,High,Unfurnished,Yes,Yes,No,54998842
2055,1,1.0,2,,26,14.2,Apartment,High,Semi-Furnished,Yes,No,No,16078222
1529,5,5.0,3,3.0,50,11.0,Townhouse,Medium,Unfurnished,Yes,No,No,17578633
4575,3,1.0,2,2.0,22,23.3,Villa,Low,Unfurnished,Yes,No,Yes,37350810
1657,2,3.0,2,3.0,41,3.4,Apartment,,Furnished,Yes,No,No,17742155
6015,1,2.0,1,2.0,29,11.6,Townhouse,Medium,Semi-Furnished,Yes,No,Yes,49302776
5646,7,5.0,2,,36,2.7,Apartment,Medium,Unfurnished,Yes,No,No,48237656
6400,6,2.0,1,3.0,34,26.0,House,Premium,Semi-Furnished,Yes,No,Yes,54715874
5971,6,4.0,2,2.0,35,23.2,Villa,Medium,Semi-Furnished,Yes,No,Yes,52000931
1924,1,1.0,1,1.0,42,14.2,House,High,Furnished,Yes,Yes,Yes,17524354
1733,3,3.0,1,2.0,49,6.7,Apartment,High,Semi-Furnished,Yes,Yes,Yes,18544560
2522,7,5.0,1,0.0,16,38.4,House,,Unfurnished,No,Yes,Yes,25331592
3292,5,5.0,3,1.0,51,23.8,House,Medium,Unfurnished,No,No,Yes,27906938
5773,1,,3,2.0,34,27.5,House,Medium,Unfurnished,Yes,Yes,No,44422784
4887,1,2.0,2,0.0,32,21.7,House,Low,Semi-Furnished,Yes,Yes,Yes,40512286
4348,2,3.0,2,2.0,18,32.5,House,Medium,Semi-Furnished,Yes,No,No,33899442
5764,7,3.0,3,2.0,22,36.0,Apartment,Medium,Semi-Furnished,No,No,No,44632248
4357,2,3.0,2,1.0,35,15.9,House,Medium,Semi-Furnished,Yes,No,No,35318895
2743,7,1.0,2,0.0,20,27.9,Apartment,High,Unfurnished,Yes,Yes,No,23844057
2948,5,4.0,2,,15,10.0,Villa,Low,Unfurnished,Yes,Yes,No,30932624
3577,7,2.0,2,,45,26.4,House,Medium,Unfurnished,Yes,Yes,No,30358705
987,6,2.0,2,2.0,22,16.6,House,Low,Semi-Furnished,Yes,No,No,10996773
4937,3,5.0,3,1.0,35,1.3,House,Medium,Semi-Furnished,Yes,Yes,Yes,44888004
4399,6,4.0,2,2.0,1,38.3,Apartment,Low,,Yes,No,Yes,38195849
4873,2,2.0,2,1.0,4,34.9,Apartment,Low,Unfurnished,Yes,No,No,38664501
3680,3,5.0,1,1.0,46,12.3,House,Premium,Semi-Furnished,Yes,No,Yes,35595527
5186,2,2.0,3,1.0,7,39.9,House,Premium,Unfurnished,Yes,Yes,No,43946131
6195,1,3.0,3,,43,13.4,House,High,Semi-Furnished,Yes,Yes,No,51121651
3898,1,2.0,1,3.0,49,18.9,Townhouse,Medium,,No,No,Yes,27844489
3138,2,1.0,1,2.0,26,34.2,House,High,Semi-Furnished,Yes,No,Yes,26048417
1082,1,3.0,3,0.0,48,12.9,House,,Unfurnished,No,No,Yes,12005384
5160,3,,1,3.0,23,18.6,House,Medium,Unfurnished,Yes,No,No,42604966
5919,1,5.0,3,0.0,52,27.0,Apartment,Low,Semi-Furnished,Yes,Yes,No,45284100
4681,1,2.0,3,2.0,13,6.1,Apartment,High,Semi-Furnished,No,No,No,40554415
5686,7,5.0,3,0.0,23,17.5,Townhouse,Premium,Semi-Furnished,No,No,Yes,54198031
5660,1,4.0,1,1.0,21,13.1,Villa,Medium,Unfurnished,No,No,No,48742210
5278,1,1.0,2,2.0,43,27.4,Townhouse,Medium,Furnished,No,Yes,No,41096510
3492,1,4.0,2,3.0,2,6.3,Apartment,Medium,Unfurnished,Yes,Yes,No,31482200
1054,1,3.0,3,3.0,45,10.1,Apartment,Medium,Semi-Furnished,Yes,No,Yes,8538730
469,4,2.0,1,3.0,1,28.7,House,High,Furnished,Yes,No,No,10096256
1686,6,3.0,1,0.0,17,7.1,Townhouse,Medium,Semi-Furnished,Yes,Yes,Yes,20108782
3057,6,2.0,1,0.0,32,17.5,Apartment,Premium,Unfurnished,Yes,No,No,28074094
4948,5,4.0,3,3.0,7,28.8,Apartment,High,Semi-Furnished,Yes,No,No,42875554
3207,1,,3,3.0,26,30.9,Apartment,Low,Unfurnished,Yes,No,No,25054337
589,6,,1,1.0,54,4.7,Villa,High,Semi-Furnished,Yes,Yes,No,11780387
1722,1,2.0,1,0.0,45,34.2,Villa,High,Semi-Furnished,Yes,Yes,Yes,16517220
6374,5,2.0,1,2.0,1,29.2,House,Medium,Semi-Furnished,Yes,No,Yes,52786010
6427,3,3.0,3,0.0,32,14.2,Apartment,Medium,Furnished,No,No,No,51537067
2731,7,3.0,2,0.0,32,30.8,House,High,Unfurnished,Yes,No,No,23301831
5320,3,2.0,1,3.0,3,29.4,House,Medium,Unfurnished,Yes,No,No,43439297
4801,5,3.0,1,1.0,35,24.4,Apartment,Low,Semi-Furnished,Yes,No,Yes,37270800
6084,4,2.0,2,0.0,28,22.8,Apartment,Medium,Semi-Furnished,No,No,Yes,47019177
5819,4,3.0,2,2.0,37,29.7,House,Medium,Semi-Furnished,Yes,No,Yes,47655616
4253,7,1.0,1,1.0,16,40.0,Apartment,High,Semi-Furnished,Yes,No,No,33555274
2837,5,3.0,3,2.0,14,23.6,Townhouse,Low,Semi-Furnished,No,No,No,26026298
4241,3,4.0,2,3.0,40,32.5,House,High,Furnished,Yes,No,Yes,37075330
2380,4,5.0,1,0.0,39,30.0,House,Medium,Semi-Furnished,Yes,Yes,No,19196551
2555,5,4.0,3,2.0,8,34.4,House,High,Unfurnished,No,No,Yes,26422028
4132,3,4.0,3,3.0,11,38.2,House,Medium,Unfurnished,Yes,Yes,Yes,36061428
3906,2,1.0,1,1.0,32,8.5,Apartment,Premium,Semi-Furnished,No,Yes,Yes,35368813
3964,4,,1,3.0,45,7.5,House,High,Unfurnished,Yes,Yes,No,35520418
2777,1,4.0,1,1.0,11,23.9,Apartment,Medium,Unfurnished,No,No,No,23491999
2925,2,5.0,3,1.0,12,18.5,House,High,Unfurnished,No,No,Yes,28659424
511,3,3.0,2,,44,23.3,House,Medium,Semi-Furnished,Yes,No,No,6357659
4090,6,5.0,3,2.0,38,32.1,House,High,,Yes,No,Yes,38022567
3933,6,2.0,2,3.0,49,37.3,House,Medium,Unfurnished,Yes,No,No,29880719
6109,2,1.0,2,3.0,43,17.3,Apartment,Medium,Unfurnished,Yes,No,Yes,45473807
3500,3,1.0,2,2.0,52,29.0,House,,Semi-Furnished,Yes,No,Yes,27084430
3279,2,3.0,3,0.0,10,8.7,Apartment,,Unfurnished,Yes,Yes,No,29974944
859,6,4.0,2,,14,,Townhouse,High,Furnished,Yes,No,No,14474400
1640,2,2.0,3,3.0,13,1.9,House,High,Semi-Furnished,Yes,Yes,No,18926819
2495,6,4.0,3,2.0,3,20.6,Villa,Low,Semi-Furnished,Yes,Yes,Yes,29206769
2732,6,4.0,3,1.0,42,,House,Medium,Furnished,Yes,No,Yes,25442177
2644,5,2.0,3,,36,29.7,Villa,Medium,Semi-Furnished,Yes,No,No,22058077
2834,3,2.0,2,3.0,4,26.3,Apartment,Medium,Unfurnished,No,No,Yes,24958013
5101,7,4.0,1,0.0,10,15.0,Apartment,,Semi-Furnished,No,Yes,Yes,43001757
1243,5,4.0,2,0.0,10,1.2,Apartment,Medium,Semi-Furnished,Yes,Yes,Yes,18195456
2460,5,1.0,3,,22,,Apartment,High,Semi-Furnished,Yes,No,No,25222496
1435,6,2.0,3,1.0,25,38.9,Townhouse,Medium,Furnished,Yes,No,Yes,14315481
2312,7,3.0,2,3.0,15,37.0,House,High,Unfurnished,Yes,No,Yes,23639624
4591,1,3.0,1,2.0,51,13.7,House,Medium,Semi-Furnished,Yes,Yes,No,38809627
732,7,1.0,2,3.0,11,11.1,House,Medium,Unfurnished,Yes,Yes,Yes,12856706
2503,6,5.0,3,2.0,30,18.0,House,Medium,Unfurnished,Yes,Yes,No,24927180
593,2,2.0,1,3.0,24,27.9,House,Medium,Semi-Furnished,Yes,No,Yes,9388539
6227,3,2.0,1,3.0,21,14.9,Villa,Medium,Semi-Furnished,No,No,Yes,53143523
4849,6,1.0,1,0.0,45,3.6,House,Premium,Semi-Furnished,No,No,Yes,43784033
1923,2,5.0,3,3.0,53,16.7,House,High,Unfurnished,Yes,No,No,17839708
1649,4,2.0,2,2.0,0,11.2,Apartment,High,Unfurnished,Yes,No,No,16451153
1048,5,5.0,1,0.0,25,13.7,Townhouse,Low,Semi-Furnished,Yes,Yes,No,12674278
3310,5,3.0,1,0.0,6,7.4,Apartment,Low,Semi-Furnished,Yes,Yes,Yes,30415567
5008,7,5.0,1,1.0,23,26.7,House,Low,Semi-Furnished,No,No,Yes,42604637
3984,1,1.0,2,0.0,33,21.5,Townhouse,Premium,Semi-Furnished,Yes,No,No,32922106
5780,3,1.0,3,1.0,22,11.6,Apartment,High,Furnished,Yes,No,No,48776607
2530,7,5.0,2,3.0,17,22.6,Apartment,Medium,Furnished,Yes,Yes,Yes,25849653
2132,4,5.0,3,1.0,17,20.2,House,Premium,Semi-Furnished,Yes,Yes,No,26048061
3342,2,3.0,3,0.0,16,32.0,House,,Semi-Furnished,Yes,No,No,27518634
1672,3,1.0,3,1.0,17,38.3,Townhouse,Medium,Semi-Furnished,No,No,No,13028742
6352,3,5.0,1,,20,6.1,Villa,Medium,Furnished,Yes,No,Yes,55938263
1573,4,2.0,3,3.0,37,35.5,House,Medium,Semi-Furnished,No,No,No,14207584
3347,2,5.0,1,0.0,5,28.5,Townhouse,Premium,Semi-Furnished,No,No,Yes,33845321
3608,5,5.0,2,3.0,2,28.0,House,High,Semi-Furnished,Yes,No,No,34973579
2546,4,5.0,3,1.0,32,11.0,Villa,High,Semi-Furnished,Yes,Yes,No,28850387
3318,7,4.0,3,2.0,3,,Apartment,Medium,Unfurnished,Yes,No,No,30928180
692,7,4.0,3,0.0,34,2.1,Townhouse,Premium,Semi-Furnished,Yes,No,No,14023508
2925,1,3.0,3,0.0,36,4.9,Townhouse,High,Furnished,Yes,Yes,Yes,28506065
1111,4,5.0,2,0.0,27,13.5,Villa,High,Unfurnished,Yes,No,No,18111456
5263,1,1.0,2,1.0,6,,Villa,Medium,Semi-Furnished,Yes,No,Yes,43138178
2965,4,2.0,3,1.0,49,4.2,House,Medium,Semi-Furnished,Yes,Yes,No,26921839
4168,5,3.0,3,1.0,45,3.7,House,Low,Semi-Furnished,No,Yes,Yes,36627546
1984,3,2.0,2,0.0,18,16.9,Apartment,Medium,,Yes,No,Yes,18215922
1226,2,2.0,3,1.0,14,,Apartment,Medium,Semi-Furnished,No,No,No,13526440
1570,7,3.0,3,3.0,14,,Villa,Premium,Unfurnished,No,No,No,22860154
1004,7,5.0,1,3.0,12,28.7,House,High,Semi-Furnished,Yes,No,No,15576608
6317,5,3.0,2,1.0,41,36.5,House,High,Semi-Furnished,Yes,No,Yes,49392025
706,6,3.0,1,3.0,12,20.5,Apartment,Medium,Furnished,Yes,No,Yes,10569540
5911,2,2.0,2,2.0,9,27.8,House,Low,Semi-Furnished,Yes,No,No,46590525
4535,6,3.0,2,1.0,3,18.0,Apartment,Medium,Unfurnished,Yes,No,No,38762907
6405,3,2.0,3,0.0,25,17.8,House,Low,Semi-Furnished,Yes,Yes,No,52250955
4610,7,3.0,2,2.0,0,29.8,Apartment,Medium,Furnished,Yes,No,No,41126865
6021,2,3.0,1,3.0,24,2.8,Apartment,Medium,Furnished,No,No,Yes,51581115
3577,7,2.0,2,,45,26.4,House,Medium,Unfurnished,Yes,Yes,No,30358705
6083,1,3.0,2,1.0,27,15.2,House,Premium,,No,No,Yes,52370382
713,6,2.0,2,2.0,16,,Townhouse,Low,Semi-Furnished,No,No,Yes,12740808
3718,1,5.0,3,2.0,30,26.6,Apartment,High,Semi-Furnished,Yes,Yes,Yes,33799997
5251,3,1.0,2,2.0,24,21.5,Townhouse,Medium,Semi-Furnished,Yes,No,No,41595728
2946,6,3.0,3,2.0,33,31.3,House,Low,,Yes,Yes,No,26117231
3409,6,3.0,2,1.0,16,17.8,House,High,Furnished,Yes,Yes,Yes,33642329
5285,6,2.0,1,3.0,34,30.7,Townhouse,Medium,Unfurnished,Yes,No,No,40891191
4071,1,1.0,3,2.0,37,39.7,House,Medium,Semi-Furnished,Yes,No,No,28428400
5369,4,2.0,3,1.0,43,38.1,Villa,,Unfurnished,Yes,No,No,43453446
3568,7,4.0,3,0.0,34,11.7,Townhouse,Medium,Semi-Furnished,Yes,Yes,No,34562165
4873,2,2.0,2,1.0,4,34.9,Apartment,Low,Unfurnished,Yes,No,No,38664501
3660,2,4.0,1,2.0,42,29.1,House,Medium,Furnished,Yes,No,No,30943286
5316,3,4.0,2,1.0,41,12.3,Apartment,Low,Unfurnished,No,Yes,Yes,41500833
1579,6,1.0,3,0.0,38,4.7,Apartment,Medium,Semi-Furnished,No,No,Yes,13898800
3314,1,5.0,1,0.0,15,35.8,Apartment,Low,Semi-Furnished,Yes,Yes,No,27255839
1988,6,1.0,2,2.0,52,7.9,Apartment,Medium,Semi-Furnished,Yes,No,No,15416852
5776,3,1.0,2,2.0,2,5.8,House,Medium,Furnished,No,No,No,49378892
1295,3,1.0,3,3.0,31,38.0,House,High,Furnished,Yes,No,Yes,11820143
5910,3,1.0,1,3.0,50,34.6,Townhouse,High,Semi-Furnished,Yes,Yes,Yes,45992655
1519,3,2.0,2,2.0,10,25.8,House,Medium,Semi-Furnished,Yes,No,Yes,16070109
1433,1,5.0,3,0.0,49,17.6,Villa,Low,Semi-Furnished,No,Yes,No,15666469
3456,6,1.0,3,3.0,0,4.2,Apartment,High,Unfurnished,Yes,No,No,35409458
3057,6,2.0,1,0.0,32,17.5,Apartment,Premium,Unfurnished,Yes,No,No,28074094
2257,6,4.0,1,1.0,2,30.6,Apartment,Medium,Unfurnished,Yes,No,Yes,19136529
2831,6,3.0,3,1.0,4,18.8,Apartment,Low,Semi-Furnished,Yes,Yes,No,27492899
50000,25,15.0,8,12.0,180,250.0,Villa,Premium,Furnished,Yes,Yes,Yes,250000000
120,0,0.0,0,0.0,160,120.0,Apartment,Low,Unfurnished,No,No,No,200000
